Source,Destination,Distance(M)
丽江市,咸阳市,1160237
丽江市,宝鸡市,1069220
丽江市,齐齐哈尔市,3075308
丽江市,楚雄彝族自治州,239055
丽江市,邵阳市,1115589
丽江市,阿坝藏族羌族自治州,591744
丽江市,通辽市,2720028
丽江市,咸宁市,1419941
丽江市,遂宁市,663941
丽江市,伊春市,3399542
丽江市,济宁市,1822358
丽江市,烟台市,2313569
丽江市,德宏傣族景颇族自治州,314933
丽江市,钦州市,1010452
丽江市,毕节市,504519
丽江市,固原市,1164957
丽江市,东方市,1217658
丽江市,达州市,854190
丽江市,广州市,1378480
丽江市,福州市,1901720
丽江市,阜阳市,1645430
丽江市,丹东市,2662019
丽江市,安庆市,1698015
丽江市,忻州市,1734685
丽江市,辽阳市,2644262
丽江市,白银市,1136331
丽江市,武汉市,1435177
丽江市,桂林市,1011772
丽江市,贵港市,1032606
丽江市,拉萨市,940801
丽江市,临沧市,329430
丽江市,五指山市,1306704
丽江市,潜江市,1299089
丽江市,沈阳市,2683600
丽江市,德阳市,623815
丽江市,雅安市,445303
丽江市,西双版纳傣族自治州,539851
丽江市,乐东黎族自治县,1283229
丽江市,绍兴市,2021660
丽江市,巴彦淖尔市,1675545
丽江市,柳州市,965557
丽江市,牡丹江市,3277040
丽江市,蚌埠市,1785810
丽江市,湘西土家族苗族自治州,952609
丽江市,上饶市,1755426
丽江市,庆阳市,1208331
丽江市,迪庆藏族自治州,118766
丽江市,抚顺市,2730338
丽江市,定西市,1055359
丽江市,衡阳市,1226110
丽江市,泸州市,559999
丽江市,长治市,1600701
丽江市,玉溪市,361272
丽江市,南平市,1784233
丽江市,乌鲁木齐市,2198523
丽江市,孝感市,1411679
丽江市,沧州市,2005429
丽江市,龙岩市,1691682
丽江市,郴州市,1281907
丽江市,黄南藏族自治州,975597
丽江市,北京城区,2081858
咸阳市,丽江市,1160237
咸阳市,宝鸡市,135429
咸阳市,齐齐哈尔市,1926149
咸阳市,楚雄彝族自治州,1240967
咸阳市,邵阳市,829189
咸阳市,阿坝藏族羌族自治州,662342
咸阳市,通辽市,1560317
咸阳市,咸宁市,726767
咸阳市,遂宁市,512947
咸阳市,伊春市,2241556
咸阳市,济宁市,730076
咸阳市,烟台市,1200367
咸阳市,德宏傣族景颇族自治州,1471062
咸阳市,钦州市,1368684
咸阳市,毕节市,846688
咸阳市,固原市,292337
咸阳市,东方市,1688039
咸阳市,达州市,365103
咸阳市,广州市,1318303
咸阳市,福州市,1368381
咸阳市,阜阳市,678297
咸阳市,丹东市,1522620
咸阳市,安庆市,895296
咸阳市,忻州市,579616
咸阳市,辽阳市,1490358
咸阳市,白银市,482228
咸阳市,武汉市,669524
咸阳市,桂林市,1018164
咸阳市,贵港市,1246380
咸阳市,拉萨市,1733853
咸阳市,临沧市,1428470
咸阳市,五指山市,1725331
咸阳市,潜江市,587460
咸阳市,沈阳市,1527944
咸阳市,德阳市,537940
咸阳市,雅安市,717433
咸阳市,西双版纳傣族自治州,1569605
咸阳市,乐东黎族自治县,1726840
咸阳市,绍兴市,1215797
咸阳市,巴彦淖尔市,721295
咸阳市,柳州市,1111012
咸阳市,牡丹江市,2119363
咸阳市,蚌埠市,820198
咸阳市,湘西土家族苗族自治州,674386
咸阳市,上饶市,1092619
咸阳市,庆阳市,181288
咸阳市,迪庆藏族自治州,1121512
咸阳市,抚顺市,1574676
咸阳市,定西市,401736
咸阳市,衡阳市,903598
咸阳市,泸州市,679860
咸阳市,长治市,451231
咸阳市,玉溪市,1258146
咸阳市,南平市,1244946
咸阳市,乌鲁木齐市,2098726
咸阳市,孝感市,620913
咸阳市,沧州市,852424
咸阳市,龙岩市,1302223
咸阳市,郴州市,1035404
咸阳市,黄南藏族自治州,625571
咸阳市,北京城区,921716
宝鸡市,丽江市,1069220
宝鸡市,咸阳市,135429
宝鸡市,齐齐哈尔市,2006417
宝鸡市,楚雄彝族自治州,1170763
宝鸡市,邵阳市,887279
宝鸡市,阿坝藏族羌族自治州,541643
宝鸡市,通辽市,1654711
宝鸡市,咸宁市,835434
宝鸡市,遂宁市,452020
宝鸡市,伊春市,2331478
宝鸡市,济宁市,862243
宝鸡市,烟台市,1326500
宝鸡市,德宏傣族景颇族自治州,1383134
宝鸡市,钦州市,1379349
宝鸡市,毕节市,806585
宝鸡市,固原市,204528
宝鸡市,东方市,1697504
宝鸡市,达州市,350450
宝鸡市,广州市,1376456
宝鸡市,福州市,1478547
宝鸡市,阜阳市,812127
宝鸡市,丹东市,1640215
宝鸡市,安庆市,1020694
宝鸡市,忻州市,667204
宝鸡市,辽阳市,1600097
宝鸡市,白银市,371115
宝鸡市,武汉市,784634
宝鸡市,桂林市,1050975
宝鸡市,贵港市,1268080
宝鸡市,拉萨市,1603118
宝鸡市,临沧市,1352932
宝鸡市,五指山市,1741871
宝鸡市,潜江市,690281
宝鸡市,沈阳市,1635971
宝鸡市,德阳市,446774
宝鸡市,雅安市,623936
宝鸡市,西双版纳傣族自治州,1507158
宝鸡市,乐东黎族自治县,1740522
宝鸡市,绍兴市,1345347
宝鸡市,巴彦淖尔市,708232
宝鸡市,柳州市,1132580
宝鸡市,牡丹江市,2223893
宝鸡市,蚌埠市,954854
宝鸡市,湘西土家族苗族自治州,711826
宝鸡市,上饶市,1209465
宝鸡市,庆阳市,153827
宝鸡市,迪庆藏族自治州,1020782
宝鸡市,抚顺市,1682573
宝鸡市,定西市,278167
宝鸡市,衡阳市,972900
宝鸡市,泸州市,632232
宝鸡市,长治市,572024
宝鸡市,玉溪市,1200282
宝鸡市,南平市,1353288
宝鸡市,乌鲁木齐市,1988455
宝鸡市,孝感市,736946
宝鸡市,沧州市,965891
宝鸡市,龙岩市,1396770
宝鸡市,郴州市,1102902
宝鸡市,黄南藏族自治州,493966
宝鸡市,北京城区,1019847
齐齐哈尔市,丽江市,3075308
齐齐哈尔市,咸阳市,1926149
齐齐哈尔市,宝鸡市,2006417
齐齐哈尔市,楚雄彝族自治州,3167023
齐齐哈尔市,邵阳市,2483239
齐齐哈尔市,阿坝藏族羌族自治州,2516315
齐齐哈尔市,通辽市,431676
齐齐哈尔市,咸宁市,2112283
齐齐哈尔市,遂宁市,2439024
齐齐哈尔市,伊春市,372873
齐齐哈尔市,济宁市,1459288
齐齐哈尔市,烟台市,1117074
齐齐哈尔市,德宏傣族景颇族自治州,3389514
齐齐哈尔市,钦州市,3130377
齐齐哈尔市,毕节市,2757140
齐齐哈尔市,固原市,1928740
齐齐哈尔市,东方市,3427941
齐齐哈尔市,达州市,2276333
齐齐哈尔市,广州市,2851020
齐齐哈尔市,福州市,2396299
齐齐哈尔市,阜阳市,1745914
齐齐哈尔市,丹东市,817778
齐齐哈尔市,安庆市,1956537
齐齐哈尔市,忻州市,1346576
齐齐哈尔市,辽阳市,678500
齐齐哈尔市,白银市,2022798
齐齐哈尔市,武汉市,2034940
齐齐哈尔市,桂林市,2737783
齐齐哈尔市,贵港市,2977718
齐齐哈尔市,拉萨市,3426857
齐齐哈尔市,临沧市,3354384
齐齐哈尔市,五指山市,3430359
齐齐哈尔市,潜江市,2105935
齐齐哈尔市,沈阳市,631873
齐齐哈尔市,德阳市,2453033
齐齐哈尔市,雅安市,2630197
齐齐哈尔市,西双版纳傣族自治州,3492155
齐齐哈尔市,乐东黎族自治县,3445022
齐齐哈尔市,绍兴市,1944492
齐齐哈尔市,巴彦淖尔市,1510392
齐齐哈尔市,柳州市,2860034
齐齐哈尔市,牡丹江市,541398
齐齐哈尔市,蚌埠市,1695416
齐齐哈尔市,湘西土家族苗族自治州,2445782
齐齐哈尔市,上饶市,2160930
齐齐哈尔市,庆阳市,1868348
齐齐哈尔市,迪庆藏族自治州,3020948
齐齐哈尔市,抚顺市,608244
齐齐哈尔市,定西市,2065457
齐齐哈尔市,衡阳市,2478400
齐齐哈尔市,泸州市,2600056
齐齐哈尔市,长治市,1527402
齐齐哈尔市,玉溪市,3178967
齐齐哈尔市,南平市,2353147
齐齐哈尔市,乌鲁木齐市,2833538
齐齐哈尔市,孝感市,2013837
齐齐哈尔市,沧州市,1158919
齐齐哈尔市,龙岩市,2546408
齐齐哈尔市,郴州市,2580429
齐齐哈尔市,黄南藏族自治州,2240712
齐齐哈尔市,北京城区,1024890
楚雄彝族自治州,丽江市,239055
楚雄彝族自治州,咸阳市,1240967
楚雄彝族自治州,宝鸡市,1170763
楚雄彝族自治州,齐齐哈尔市,3167023
楚雄彝族自治州,邵阳市,1022875
楚雄彝族自治州,阿坝藏族羌族自治州,762653
楚雄彝族自治州,通辽市,2793444
楚雄彝族自治州,咸宁市,1370878
楚雄彝族自治州,遂宁市,728024
楚雄彝族自治州,伊春市,3477306
楚雄彝族自治州,济宁市,1846137
楚雄彝族自治州,烟台市,2335881
楚雄彝族自治州,德宏傣族景颇族自治州,305345
楚雄彝族自治州,钦州市,802908
楚雄彝族自治州,毕节市,450612
楚雄彝族自治州,固原市,1297136
楚雄彝族自治州,东方市,986860
楚雄彝族自治州,达州市,898019
楚雄彝族自治州,广州市,1211690
楚雄彝族自治州,福州市,1787761
楚雄彝族自治州,阜阳市,1639170
楚雄彝族自治州,丹东市,2697024
楚雄彝族自治州,安庆市,1650131
楚雄彝族自治州,忻州市,1820451
楚雄彝族自治州,辽阳市,2694594
楚雄彝族自治州,白银市,1299037
楚雄彝族自治州,武汉市,1399672
楚雄彝族自治州,桂林市,872524
楚雄彝族自治州,贵港市,848056
楚雄彝族自治州,拉萨市,1144083
楚雄彝族自治州,临沧市,194530
楚雄彝族自治州,五指山市,1078108
楚雄彝族自治州,潜江市,1267792
楚雄彝族自治州,沈阳市,2736430
楚雄彝族自治州,德阳市,730490
楚雄彝族自治州,雅安市,570146
楚雄彝族自治州,西双版纳傣族自治州,344469
楚雄彝族自治州,乐东黎族自治县,1053073
楚雄彝族自治州,绍兴市,1958517
楚雄彝族自治州,巴彦淖尔市,1824059
楚雄彝族自治州,柳州市,803423
楚雄彝族自治州,牡丹江市,3331079
楚雄彝族自治州,蚌埠市,1771860
楚雄彝族自治州,湘西土家族苗族自治州,893518
楚雄彝族自治州,上饶市,1674499
楚雄彝族自治州,庆阳市,1319438
楚雄彝族自治州,迪庆藏族自治州,357148
楚雄彝族自治州,抚顺市,2782892
楚雄彝族自治州,定西市,1207144
楚雄彝族自治州,衡阳市,1124371
楚雄彝族自治州,泸州市,575054
楚雄彝族自治州,长治市,1659354
楚雄彝族自治州,玉溪市,127300
楚雄彝族自治州,南平市,1677265
楚雄彝族自治州,乌鲁木齐市,2436594
楚雄彝族自治州,孝感市,1383797
楚雄彝族自治州,沧州市,2060496
楚雄彝族自治州,龙岩市,1562026
楚雄彝族自治州,郴州市,1158171
楚雄彝族自治州,黄南藏族自治州,1162079
楚雄彝族自治州,北京城区,2154999
邵阳市,丽江市,1115589
邵阳市,咸阳市,829189
邵阳市,宝鸡市,887279
邵阳市,齐齐哈尔市,2483239
邵阳市,楚雄彝族自治州,1022875
邵阳市,阿坝藏族羌族自治州,1033326
邵阳市,通辽市,2063048
邵阳市,咸宁市,401527
邵阳市,遂宁市,679303
邵阳市,伊春市,2730457
邵阳市,济宁市,1028748
邵阳市,烟台市,1470576
邵阳市,德宏傣族景颇族自治州,1327733
邵阳市,钦州市,648399
邵阳市,毕节市,611529
邵阳市,固原市,1091681
邵阳市,东方市,946737
邵阳市,达州市,587163
邵阳市,广州市,489946
邵阳市,福州市,789851
邵阳市,阜阳市,753567
邵阳市,丹东市,1848780
邵阳市,安庆市,660652
邵阳市,忻州市,1245259
邵阳市,辽阳市,1892501
邵阳市,白银市,1242235
邵阳市,武汉市,463405
邵阳市,桂林市,256652
邵阳市,贵港市,494479
邵阳市,拉萨市,2003310
邵阳市,临沧市,1201718
邵阳市,五指山市,958366
邵阳市,潜江市,377414
邵阳市,沈阳市,1940010
邵阳市,德阳市,811219
邵阳市,雅安市,878998
邵阳市,西双版纳傣族自治州,1225183
邵阳市,乐东黎族自治县,968992
邵阳市,绍兴市,942847
邵阳市,巴彦淖尔市,1544143
邵阳市,柳州市,382013
邵阳市,牡丹江市,2513803
邵阳市,蚌埠市,849341
邵阳市,湘西土家族苗族自治州,207776
邵阳市,上饶市,651848
邵阳市,庆阳市,1006740
邵阳市,迪庆藏族自治州,1163559
邵阳市,抚顺市,1983195
邵阳市,定西市,1134222
邵阳市,衡阳市,116046
邵阳市,泸州市,619294
邵阳市,长治市,1005284
邵阳市,玉溪市,951854
邵阳市,南平市,669548
邵阳市,乌鲁木齐市,2821266
邵阳市,孝感市,474305
邵阳市,沧州市,1325675
邵阳市,龙岩市,604356
邵阳市,郴州市,224184
邵阳市,黄南藏族自治州,1283727
邵阳市,北京城区,1477069
阿坝藏族羌族自治州,丽江市,591744
阿坝藏族羌族自治州,咸阳市,662342
阿坝藏族羌族自治州,宝鸡市,541643
阿坝藏族羌族自治州,齐齐哈尔市,2516315
阿坝藏族羌族自治州,楚雄彝族自治州,762653
阿坝藏族羌族自治州,邵阳市,1033326
阿坝藏族羌族自治州,通辽市,2183945
阿坝藏族羌族自治州,咸宁市,1178567
阿坝藏族羌族自治州,遂宁市,354882
阿坝藏族羌族自治州,伊春市,2853323
阿坝藏族羌族自治州,济宁市,1386588
阿坝藏族羌族自治州,烟台市,1862519
阿坝藏族羌族自治州,德宏傣族景颇族自治州,901134
阿坝藏族羌族自治州,钦州市,1270373
阿坝藏族羌族自治州,毕节市,591551
阿坝藏族羌族自治州,固原市,588433
阿坝藏族羌族自治州,东方市,1557761
阿坝藏族羌族自治州,达州市,503615
阿坝藏族羌族自治州,广州市,1459170
阿坝藏族羌族自治州,福州市,1781906
阿坝藏族羌族自治州,阜阳市,1282431
阿坝藏族羌族自治州,丹东市,2181721
阿坝藏族羌族自治州,安庆市,1425826
阿坝藏族羌族自治州,忻州市,1198489
阿坝藏族羌族自治州,辽阳市,2140535
阿坝藏族羌族自治州,白银市,544655
阿坝藏族羌族自治州,武汉市,1159247
阿坝藏族羌族自治州,桂林市,1072366
阿坝藏族羌族自治州,贵港市,1215386
阿坝藏族羌族自治州,拉萨市,1086400
阿坝藏族羌族自治州,临沧市,912744
阿坝藏族羌族自治州,五指山市,1627499
阿坝藏族羌族自治州,潜江市,1030908
阿坝藏族羌族自治州,沈阳市,2175645
阿坝藏族羌族自治州,德阳市,223494
阿坝藏族羌族自治州,雅安市,223508
阿坝藏族羌族自治州,西双版纳傣族自治州,1104979
阿坝藏族羌族自治州,乐东黎族自治县,1614811
阿坝藏族羌族自治州,绍兴市,1763747
阿坝藏族羌族自治州,巴彦淖尔市,1084819
阿坝藏族羌族自治州,柳州市,1097237
阿坝藏族羌族自治州,牡丹江市,2760868
阿坝藏族羌族自治州,蚌埠市,1429712
阿坝藏族羌族自治州,湘西土家族苗族自治州,825931
阿坝藏族羌族自治州,上饶市,1559742
阿坝藏族羌族自治州,庆阳市,655781
阿坝藏族羌族自治州,迪庆藏族自治州,513750
阿坝藏族羌族自治州,抚顺市,2222140
阿坝藏族羌族自治州,定西市,466038
阿坝藏族羌族自治州,衡阳市,1146616
阿坝藏族羌族自治州,泸州市,456329
阿坝藏族羌族自治州,长治市,1111923
阿坝藏族羌族自治州,玉溪市,837466
阿坝藏族羌族自治州,南平市,1654171
阿坝藏族羌族自治州,乌鲁木齐市,1839673
阿坝藏族羌族自治州,孝感市,1120425
阿坝藏族羌族自治州,沧州市,1507502
阿坝藏族羌族自治州,龙岩市,1631761
阿坝藏族羌族自治州,郴州市,1252033
阿坝藏族羌族自治州,黄南藏族自治州,402004
阿坝藏族羌族自治州,北京城区,1555128
通辽市,丽江市,2720028
通辽市,咸阳市,1560317
通辽市,宝鸡市,1654711
通辽市,齐齐哈尔市,431676
通辽市,楚雄彝族自治州,2793444
通辽市,邵阳市,2063048
通辽市,阿坝藏族羌族自治州,2183945
通辽市,咸宁市,1686072
通辽市,遂宁市,2068730
通辽市,伊春市,684545
通辽市,济宁市,1035215
通辽市,烟台市,690474
通辽市,德宏傣族景颇族自治州,3031379
通辽市,钦州市,2711293
通辽市,毕节市,2370463
通辽市,固原市,1606672
通辽市,东方市,3004962
通辽市,达州市,1896179
通辽市,广州市,2421202
通辽市,福州市,1968363
通辽市,阜阳市,1319427
通辽市,丹东市,441883
通辽市,安庆市,1525053
通辽市,忻州市,987667
通辽市,辽阳市,277251
通辽市,白银市,1728668
通辽市,武汉市,1610023
通辽市,桂林市,2318778
通辽市,贵港市,2557165
通辽市,拉萨市,3156134
通辽市,临沧市,2984172
通辽市,五指山市,3004854
通辽市,潜江市,1686663
通辽市,沈阳市,241225
通辽市,德阳市,2096452
通辽市,雅安市,2275684
通辽市,西双版纳傣族自治州,3109908
通辽市,乐东黎族自治县,3020322
通辽市,绍兴市,1518963
通辽市,巴彦淖尔市,1266894
通辽市,柳州市,2442222
通辽市,牡丹江市,599832
通辽市,蚌埠市,1264571
通辽市,湘西土家族苗族自治州,2036634
通辽市,上饶市,1729668
通辽市,庆阳市,1528250
通辽市,迪庆藏族自治州,2675486
通辽市,抚顺市,241700
通辽市,定西市,1753710
通辽市,衡阳市,2053609
通辽市,泸州市,2220545
通辽市,长治市,1136322
通辽市,玉溪市,2796181
通辽市,南平市,1922676
通辽市,乌鲁木齐市,2768826
通辽市,孝感市,1590973
通辽市,沧州市,747752
通辽市,龙岩市,2115040
通辽市,郴州市,2153038
通辽市,黄南藏族自治州,1951121
通辽市,北京城区,639057
咸宁市,丽江市,1419941
咸宁市,咸阳市,726767
咸宁市,宝鸡市,835434
咸宁市,齐齐哈尔市,2112283
咸宁市,楚雄彝族自治州,1370878
咸宁市,邵阳市,401527
咸宁市,阿坝藏族羌族自治州,1178567
咸宁市,通辽市,1686072
咸宁市,遂宁市,843995
咸宁市,伊春市,2343586
咸宁市,济宁市,653558
咸宁市,烟台市,1072419
咸宁市,德宏傣族景颇族自治州,1669341
咸宁市,钦州市,1039325
咸宁市,毕节市,927655
咸宁市,固原市,1019059
咸宁市,东方市,1321259
咸宁市,达州市,675007
咸宁市,广州市,751124
咸宁市,福州市,643130
咸宁市,阜阳市,366645
咸宁市,丹东市,1450676
咸宁市,安庆市,279604
咸宁市,忻州市,962388
咸宁市,辽阳市,1501530
咸宁市,白银市,1204804
咸宁市,武汉市,83359
咸宁市,桂林市,654124
咸宁市,贵港市,881674
咸宁市,拉萨市,2235651
咸宁市,临沧市,1559229
咸宁市,五指山市,1318790
咸宁市,潜江市,150551
咸宁市,沈阳市,1549693
咸宁市,德阳市,963170
咸宁市,雅安市,1088917
咸宁市,西双版纳傣族自治州,1607004
咸宁市,乐东黎族自治县,1334580
咸宁市,绍兴市,604462
咸宁市,巴彦淖尔市,1362980
咸宁市,柳州市,780189
咸宁市,牡丹江市,2116881
咸宁市,蚌埠市,448630
咸宁市,湘西土家族苗族自治州,477360
咸宁市,上饶市,384335
咸宁市,庆阳市,902282
咸宁市,迪庆藏族自治州,1443351
咸宁市,抚顺市,1591866
咸宁市,定西市,1112972
咸宁市,衡阳市,369021
咸宁市,泸州市,868748
咸宁市,长治市,713631
咸宁市,玉溪市,1317609
咸宁市,南平市,518456
咸宁市,乌鲁木齐市,2823187
咸宁市,孝感市,124394
咸宁市,沧州市,966949
咸宁市,龙岩市,591455
咸宁市,郴州市,469142
咸宁市,黄南藏族自治州,1313384
咸宁市,北京城区,1132418
遂宁市,丽江市,663941
遂宁市,咸阳市,512947
遂宁市,宝鸡市,452020
遂宁市,齐齐哈尔市,2439024
遂宁市,楚雄彝族自治州,728024
遂宁市,邵阳市,679303
遂宁市,阿坝藏族羌族自治州,354882
遂宁市,通辽市,2068730
遂宁市,咸宁市,843995
遂宁市,伊春市,2751651
遂宁市,济宁市,1160630
遂宁市,烟台市,1651141
遂宁市,德宏傣族景颇族自治州,967240
遂宁市,钦州市,995587
遂宁市,毕节市,361297
遂宁市,固原市,611111
遂宁市,东方市,1303967
遂宁市,达州市,194344
遂宁市,广州市,1119329
遂宁市,福州市,1430787
遂宁市,阜阳市,1003050
遂宁市,丹东市,1998083
遂宁市,安庆市,1105278
遂宁市,忻州市,1092448
遂宁市,辽阳市,1982395
遂宁市,白银市,680364
遂宁市,武汉市,835684
遂宁市,桂林市,740599
遂宁市,贵港市,913443
遂宁市,拉萨市,1392572
遂宁市,临沧市,916243
遂宁市,五指山市,1361309
遂宁市,潜江市,701720
遂宁市,沈阳市,2022467
遂宁市,德阳市,131927
遂宁市,雅安市,252139
遂宁市,西双版纳傣族自治州,1058572
遂宁市,乐东黎族自治县,1354282
遂宁市,绍兴市,1442011
遂宁市,巴彦淖尔市,1144392
遂宁市,柳州市,785234
遂宁市,牡丹江市,2616710
遂宁市,蚌埠市,1148049
遂宁市,湘西土家族苗族自治州,471617
遂宁市,上饶市,1218935
遂宁市,庆阳市,605076
遂宁市,迪庆藏族自治州,646990
遂宁市,抚顺市,2069160
遂宁市,定西市,570435
遂宁市,衡阳市,792017
遂宁市,泸州市,184705
遂宁市,长治市,939987
遂宁市,玉溪市,749340
遂宁市,南平市,1303487
遂宁市,乌鲁木齐市,2164620
遂宁市,孝感市,802046
遂宁市,沧州市,1344242
遂宁市,龙岩市,1276896
遂宁市,郴州市,899614
遂宁市,黄南藏族自治州,646064
遂宁市,北京城区,1429711
伊春市,丽江市,3399542
伊春市,咸阳市,2241556
伊春市,宝鸡市,2331478
伊春市,齐齐哈尔市,372873
伊春市,楚雄彝族自治州,3477306
伊春市,邵阳市,2730457
伊春市,阿坝藏族羌族自治州,2853323
伊春市,通辽市,684545
伊春市,咸宁市,2343586
伊春市,遂宁市,2751651
伊春市,济宁市,1702725
伊春市,烟台市,1290045
伊春市,德宏傣族景颇族自治州,3711999
伊春市,钦州市,3378416
伊春市,毕节市,3054966
伊春市,固原市,2269218
伊春市,东方市,3664702
伊春市,达州市,2580446
伊春市,广州市,3060626
伊春市,福州市,2544487
伊春市,阜阳市,1979046
伊春市,丹东市,930785
伊春市,安庆市,2155898
伊春市,忻州市,1664877
伊春市,辽阳市,844408
伊春市,白银市,2374508
伊春市,武汉市,2271155
伊春市,桂林市,2987041
伊春市,贵港市,3222461
伊春市,拉萨市,3788142
伊春市,临沧市,3667587
伊春市,五指山市,3658650
伊春市,潜江市,2356853
伊春市,沈阳市,795518
伊春市,德阳市,2775732
伊春市,雅安市,2954498
伊春市,西双版纳傣族自治州,3794453
伊春市,乐东黎族自治县,3676155
伊春市,绍兴市,2088367
伊春市,巴彦淖尔市,1873206
伊春市,柳州市,3111718
伊春市,牡丹江市,358272
伊春市,蚌埠市,1906350
伊春市,湘西土家族苗族自治州,2714982
伊春市,上饶市,2337665
伊春市,庆阳市,2199745
伊春市,迪庆藏族自治州,3351402
伊春市,抚顺市,755569
伊春市,定西市,2410780
伊春市,衡阳市,2712607
伊春市,泸州市,2904868
伊春市,长治市,1820867
伊春市,玉溪市,3480725
伊春市,南平市,2518784
伊春市,乌鲁木齐市,3196847
伊春市,孝感市,2256263
伊春市,沧州市,1429592
伊春市,龙岩市,2720954
伊春市,郴州市,2804376
伊春市,黄南藏族自治州,2594562
伊春市,北京城区,1322312
济宁市,丽江市,1822358
济宁市,咸阳市,730076
济宁市,宝鸡市,862243
济宁市,齐齐哈尔市,1459288
济宁市,楚雄彝族自治州,1846137
济宁市,邵阳市,1028748
济宁市,阿坝藏族羌族自治州,1386588
济宁市,通辽市,1035215
济宁市,咸宁市,653558
济宁市,遂宁市,1160630
济宁市,伊春市,1702725
济宁市,烟台市,491482
济宁市,德宏傣族景颇族自治州,2116338
济宁市,钦州市,1677143
济宁市,毕节市,1401036
济宁市,固原市,937980
济宁市,东方市,1969815
济宁市,达州市,968294
济宁市,广州市,1399281
济宁市,福州市,1067423
济宁市,阜阳市,288953
济宁市,丹东市,852755
济宁市,安庆市,543792
济宁市,忻州市,478294
济宁市,辽阳市,871234
济宁市,白银市,1128862
济宁市,武汉市,575652
济宁市,桂林市,1285035
济宁市,贵港市,1522343
济宁市,拉萨市,2463873
济宁市,临沧市,2040644
济宁市,五指山市,1971072
济宁市,潜江市,654128
济宁市,沈阳市,917353
济宁市,德阳市,1230051
济宁市,雅安市,1402490
济宁市,西双版纳傣族自治州,2136305
济宁市,乐东黎族自治县,1985883
济宁市,绍兴市,704620
济宁市,巴彦淖尔市,999707
济宁市,柳州市,1409302
济宁市,牡丹江市,1503477
济宁市,蚌埠市,286805
济宁市,湘西土家族苗族自治州,1019339
济宁市,上饶市,782334
济宁市,庆阳市,811208
济宁市,迪庆藏族自治州,1806353
济宁市,抚顺市,961938
济宁市,定西市,1087691
济宁市,衡阳市,1019154
济宁市,泸州市,1276108
济宁市,长治市,325424
济宁市,玉溪市,1826532
济宁市,南平市,984427
济宁市,乌鲁木齐市,2640373
济宁市,孝感市,555784
济宁市,沧州市,321445
济宁市,龙岩市,1147000
济宁市,郴州市,1122512
济宁市,黄南藏族自治州,1321493
济宁市,北京城区,498512
烟台市,丽江市,2313569
烟台市,咸阳市,1200367
烟台市,宝鸡市,1326500
烟台市,齐齐哈尔市,1117074
烟台市,楚雄彝族自治州,2335881
烟台市,邵阳市,1470576
烟台市,阿坝藏族羌族自治州,1862519
烟台市,通辽市,690474
烟台市,咸宁市,1072419
烟台市,遂宁市,1651141
烟台市,伊春市,1290045
烟台市,济宁市,491482
烟台市,德宏傣族景颇族自治州,2607730
烟台市,钦州市,2111511
烟台市,毕节市,1889013
烟台市,固原市,1365999
烟台市,东方市,2386166
烟台市,达州市,1459393
烟台市,广州市,1771595
烟台市,福州市,1279225
烟台市,阜阳市,721400
烟台市,丹东市,378296
烟台市,安庆市,866650
烟台市,忻州市,772915
烟台市,辽阳市,449486
烟台市,白银市,1541811
烟台市,武汉市,1007289
烟台市,桂林市,1725736
烟台市,贵港市,1953542
烟台市,拉萨市,2927302
烟台市,临沧市,2530410
烟台市,五指山市,2374982
烟台市,潜江市,1111782
烟台市,沈阳市,498766
烟台市,德阳市,1716479
烟台市,雅安市,1890830
烟台市,西双版纳傣族自治州,2620574
烟台市,乐东黎族自治县,2393977
烟台市,绍兴市,828501
烟台市,巴彦淖尔市,1267859
烟台市,柳州市,1851753
烟台市,牡丹江市,1044643
烟台市,蚌埠市,625357
烟台市,湘西土家族苗族自治州,1491209
烟台市,上饶市,1051319
烟台市,庆阳市,1249447
烟台市,迪庆藏族自治州,2295771
烟台市,抚顺市,535456
烟台市,定西市,1521334
烟台市,衡阳市,1438786
烟台市,泸州市,1767239
烟台市,长治市,756199
烟台市,玉溪市,2312788
烟台市,南平市,1238973
烟台市,乌鲁木齐市,2925427
烟台市,孝感市,1001345
烟台市,沧州市,415985
烟台市,龙岩市,1436513
烟台市,郴州市,1521989
烟台市,黄南藏族自治州,1751322
烟台市,北京城区,515322
德宏傣族景颇族自治州,丽江市,314933
德宏傣族景颇族自治州,咸阳市,1471062
德宏傣族景颇族自治州,宝鸡市,1383134
德宏傣族景颇族自治州,齐齐哈尔市,3389514
德宏傣族景颇族自治州,楚雄彝族自治州,305345
德宏傣族景颇族自治州,邵阳市,1327733
德宏傣族景颇族自治州,阿坝藏族羌族自治州,901134
德宏傣族景颇族自治州,通辽市,3031379
德宏傣族景颇族自治州,咸宁市,1669341
德宏傣族景颇族自治州,遂宁市,967240
德宏傣族景颇族自治州,伊春市,3711999
德宏傣族景颇族自治州,济宁市,2116338
德宏傣族景颇族自治州,烟台市,2607730
德宏傣族景颇族自治州,钦州市,1065639
德宏傣族景颇族自治州,毕节市,742578
德宏傣族景颇族自治州,固原市,1479256
德宏傣族景颇族自治州,东方市,1196660
德宏傣族景颇族自治州,达州市,1152285
德宏傣族景颇族自治州,广州市,1502418
德宏傣族景颇族自治州,福州市,2092214
德宏傣族景颇族自治州,阜阳市,1923688
德宏傣族景颇族自治州,丹东市,2961910
德宏傣族景颇族自治州,安庆市,1948928
德宏傣族景颇族自治州,忻州市,2047458
德宏傣族景颇族自治州,辽阳市,2949557
德宏傣族景颇族自治州,白银市,1443990
德宏傣族景颇族自治州,武汉市,1694365
德宏傣族景颇族自治州,桂林市,1175076
德宏傣族景颇族自治州,贵港市,1131845
德宏傣族景颇族自治州,拉萨市,935154
德宏傣族景颇族自治州,临沧市,164502
德宏傣族景颇族自治州,五指山市,1292985
德宏傣族景颇族自治州,潜江市,1560671
德宏傣族景颇族自治州,沈阳市,2989707
德宏傣族景颇族自治州,德阳市,936857
德宏傣族景颇族自治州,雅安市,759341
德宏傣族景颇族自治州,西双版纳傣族自治州,351187
德宏傣族景颇族自治州,乐东黎族自治县,1263439
德宏傣族景颇族自治州,绍兴市,2260987
德宏傣族景颇族自治州,巴彦淖尔市,1985938
德宏傣族景颇族自治州,柳州市,1099887
德宏傣族景颇族自治州,牡丹江市,3583916
德宏傣族景颇族自治州,蚌埠市,2059885
德宏傣族景颇族自治州,湘西土家族苗族自治州,1192563
德宏傣族景颇族自治州,上饶市,1979066
德宏傣族景颇族自治州,庆阳市,1523126
德宏傣族景颇族自治州,迪庆藏族自治州,391369
德宏傣族景颇族自治州,抚顺市,3036398
德宏傣族景颇族自治州,定西市,1366698
德宏傣族景颇族自治州,衡阳市,1429700
德宏傣族景颇族自治州,泸州市,841077
德宏傣族景颇族自治州,长治市,1907108
德宏傣族景颇族自治州,玉溪市,400017
德宏傣族景颇族自治州,南平市,1982352
德宏傣族景颇族自治州,乌鲁木齐市,2372065
德宏傣族景颇族自治州,孝感市,1675932
德宏傣族景颇族自治州,沧州市,2311475
德宏傣族景颇族自治州,龙岩市,1864354
德宏傣族景颇族自治州,郴州市,1462285
德宏傣族景颇族自治州,黄南藏族自治州,1272485
德宏傣族景颇族自治州,北京城区,2392665
钦州市,丽江市,1010452
钦州市,咸阳市,1368684
钦州市,宝鸡市,1379349
钦州市,齐齐哈尔市,3130377
钦州市,楚雄彝族自治州,802908
钦州市,邵阳市,648399
钦州市,阿坝藏族羌族自治州,1270373
钦州市,通辽市,2711293
钦州市,咸宁市,1039325
钦州市,遂宁市,995587
钦州市,伊春市,3378416
钦州市,济宁市,1677143
钦州市,烟台市,2111511
钦州市,德宏傣族景颇族自治州,1065639
钦州市,毕节市,678917
钦州市,固原市,1573199
钦州市,东方市,319355
钦州市,达州市,1029361
钦州市,广州市,490939
钦州市,福州市,1173201
钦州市,阜阳市,1400014
钦州市,丹东市,2489647
钦州市,安庆市,1268720
钦州市,忻州市,1863463
钦州市,辽阳市,2539032
钦州市,白银市,1672441
钦州市,武汉市,1108220
钦州市,桂林市,392635
钦州市,贵港市,158576
钦州市,拉萨市,1945000
钦州市,临沧市,903348
钦州市,五指山市,366049
钦州市,潜江市,1024804
钦州市,沈阳市,2586818
钦州市,德阳市,1098310
钦州市,雅安市,1051825
钦州市,西双版纳傣族自治州,811295
钦州市,乐东黎族自治县,361633
钦州市,绍兴市,1488627
钦州市,巴彦淖尔市,2083898
钦州市,柳州市,271681
钦州市,牡丹江市,3156110
钦州市,蚌埠市,1486579
钦州市,湘西土家族苗族自治州,709896
钦州市,上饶市,1178497
钦州市,庆阳市,1524836
钦州市,迪庆藏族自治州,1111215
钦州市,抚顺市,2629604
钦州市,定西市,1561094
钦州市,衡阳市,673697
钦州市,泸州市,828908
钦州市,长治市,1633859
钦州市,玉溪市,679862
钦州市,南平市,1095415
钦州市,乌鲁木齐市,3102262
钦州市,孝感市,1122201
钦州市,沧州市,1971843
钦州市,龙岩市,920008
钦州市,郴州市,611064
钦州市,黄南藏族自治州,1633584
钦州市,北京城区,2118678
毕节市,丽江市,504519
毕节市,咸阳市,846688
毕节市,宝鸡市,806585
毕节市,齐齐哈尔市,2757140
毕节市,楚雄彝族自治州,450612
毕节市,邵阳市,611529
毕节市,阿坝藏族羌族自治州,591551
毕节市,通辽市,2370463
毕节市,咸宁市,927655
毕节市,遂宁市,361297
毕节市,伊春市,3054966
毕节市,济宁市,1401036
毕节市,烟台市,1889013
毕节市,德宏傣族景颇族自治州,742578
毕节市,钦州市,678917
毕节市,固原市,972387
毕节市,东方市,969756
毕节市,达州市,483730
毕节市,广州市,925620
毕节市,福州市,1399641
毕节市,阜阳市,1188672
毕节市,丹东市,2253457
毕节市,安庆市,1207226
毕节市,忻州市,1416375
毕节市,辽阳市,2257719
毕节市,白银市,1032703
毕节市,武汉市,951867
毕节市,桂林市,538462
毕节市,贵港市,633980
毕节市,拉萨市,1406503
毕节市,临沧市,644157
毕节市,五指山市,1036806
毕节市,潜江市,818663
毕节市,沈阳市,2300722
毕节市,德阳市,434721
毕节市,雅安市,373720
毕节市,西双版纳傣族自治州,740391
毕节市,乐东黎族自治县,1025179
毕节市,绍兴市,1524007
毕节市,巴彦淖尔市,1505332
毕节市,柳州市,528573
毕节市,牡丹江市,2894469
毕节市,蚌埠市,1321353
毕节市,湘西土家族苗族自治州,452780
毕节市,上饶市,1252092
毕节市,庆阳市,960413
毕节市,迪庆藏族自治州,555139
毕节市,抚顺市,2346894
毕节市,定西市,925229
毕节市,衡阳市,723231
毕节市,泸州市,176593
毕节市,长治市,1234325
毕节市,玉溪市,427377
毕节市,南平市,1280828
毕节市,乌鲁木齐市,2425750
毕节市,孝感市,934326
毕节市,沧州市,1629229
毕节市,龙岩市,1196908
毕节市,郴州市,787652
毕节市,黄南藏族自治州,964657
毕节市,北京城区,1735787
固原市,丽江市,1164957
固原市,咸阳市,292337
固原市,宝鸡市,204528
固原市,齐齐哈尔市,1928740
固原市,楚雄彝族自治州,1297136
固原市,邵阳市,1091681
固原市,阿坝藏族羌族自治州,588433
固原市,通辽市,1606672
固原市,咸宁市,1019059
固原市,遂宁市,611111
固原市,伊春市,2269218
固原市,济宁市,937980
固原市,烟台市,1365999
固原市,德宏傣族景颇族自治州,1479256
固原市,钦州市,1573199
固原市,毕节市,972387
固原市,东方市,1889916
固原市,达州市,545114
固原市,广州市,1580967
固原市,福州市,1660652
固原市,阜阳市,944886
固原市,丹东市,1647669
固原市,安庆市,1180343
固原市,忻州市,634601
固原市,辽阳市,1586888
固原市,白银市,197928
固原市,武汉市,961417
固原市,桂林市,1253117
固原市,贵港市,1466621
固原市,拉萨市,1575120
固原市,临沧市,1469301
固原市,五指山市,1937404
固原市,潜江市,878648
固原市,沈阳市,1618148
固原市,德阳市,568631
固原市,雅安市,729930
固原市,西双版纳傣族自治州,1639806
固原市,乐东黎族自治县,1934812
固原市,绍兴市,1492853
固原市,巴彦淖尔市,534192
固原市,柳州市,1331463
固原市,牡丹江市,2192863
固原市,蚌埠市,1079444
固原市,湘西土家族苗族自治州,915533
固原市,上饶市,1383515
固原市,庆阳市,131034
固原市,迪庆藏族自治州,1098742
固原市,抚顺市,1663923
固原市,定西市,155902
固原市,衡阳市,1176137
固原市,泸州市,795797
固原市,长治市,619130
固原市,玉溪市,1341787
固原市,南平市,1537283
固原市,乌鲁木齐市,1807238
固原市,孝感市,912668
固原市,沧州市,974236
固原市,龙岩市,1591420
固原市,郴州市,1306546
固原市,黄南藏族自治州,386182
固原市,北京城区,991243
东方市,丽江市,1217658
东方市,咸阳市,1688039
东方市,宝鸡市,1697504
东方市,齐齐哈尔市,3427941
东方市,楚雄彝族自治州,986860
东方市,邵阳市,946737
东方市,阿坝藏族羌族自治州,1557761
东方市,通辽市,3004962
东方市,咸宁市,1321259
东方市,遂宁市,1303967
东方市,伊春市,3664702
东方市,济宁市,1969815
东方市,烟台市,2386166
东方市,德宏傣族景颇族自治州,1196660
东方市,钦州市,319355
东方市,毕节市,969756
东方市,固原市,1889916
东方市,达州市,1347204
东方市,广州市,654945
东方市,福州市,1338921
东方市,阜阳市,1686967
东方市,丹东市,2762626
东方市,安庆市,1527364
东方市,忻州市,2177659
东方市,辽阳市,2821815
东方市,白银市,1983569
东方市,武汉市,1395310
东方市,桂林市,697812
东方市,贵港市,455417
东方市,拉萨市,2119854
东方市,临沧市,1033283
东方市,五指山市,97774
东方市,潜江市,1323757
东方市,沈阳市,2870210
东方市,德阳市,1399764
东方市,雅安市,1335356
东方市,西双版纳傣族自治州,880125
东方市,乐东黎族自治县,66887
东方市,绍兴市,1708575
东方市,巴彦淖尔市,2402862
东方市,柳州市,584750
东方市,牡丹江市,3429346
东方市,蚌埠市,1761583
东方市,湘西土家族苗族自治州,1026772
东方市,上饶市,1402879
东方市,庆阳市,1843693
东方市,迪庆藏族自治州,1329179
东方市,抚顺市,2911880
东方市,定西市,1872739
东方市,衡阳市,952335
东方市,泸州市,1130840
东方市,长治市,1944860
东方市,玉溪市,859798
东方市,南平市,1285144
东方市,乌鲁木齐市,3372084
东方市,孝感市,1414291
东方市,沧州市,2271847
东方市,龙岩市,1087460
东方市,郴州市,864752
东方市,黄南藏族自治州,1933529
东方市,北京城区,2423592
达州市,丽江市,854190
达州市,咸阳市,365103
达州市,宝鸡市,350450
达州市,齐齐哈尔市,2276333
达州市,楚雄彝族自治州,898019
达州市,邵阳市,587163
达州市,阿坝藏族羌族自治州,503615
达州市,通辽市,1896179
达州市,咸宁市,675007
达州市,遂宁市,194344
达州市,伊春市,2580446
达州市,济宁市,968294
达州市,烟台市,1459393
达州市,德宏傣族景颇族自治州,1152285
达州市,钦州市,1029361
达州市,毕节市,483730
达州市,固原市,545114
达州市,东方市,1347204
达州市,广州市,1063294
达州市,福州市,1287874
达州市,阜阳市,809780
达州市,丹东市,1809786
达州市,安庆市,925357
达州市,忻州市,933122
达州市,辽阳市,1799217
达州市,白银市,667096
达州市,武汉市,657152
达州市,桂林市,713563
达州市,贵港市,921725
达州市,拉萨市,1573502
达州市,临沧市,1090233
达州市,五指山市,1392730
达州市,潜江市,527411
达州市,沈阳市,1840277
达州市,德阳市,292802
达州市,雅安市,444628
达州市,西双版纳傣族自治州,1216023
达州市,乐东黎族自治县,1390764
达州市,绍兴市,1263271
达州市,巴彦淖尔市,1057921
达州市,柳州市,786787
达州市,牡丹江市,2434974
达州市,蚌埠市,955347
达州市,湘西土家族苗族自治州,389054
达州市,上饶市,1056968
达州市,庆阳市,499359
达州市,迪庆藏族自治州,841119
达州市,抚顺市,1886860
达州市,定西市,556225
达州市,衡阳市,689685
达州市,泸州市,324472
达州市,长治市,761335
达州市,玉溪市,902653
达州市,南平市,1159741
达州市,乌鲁木齐市,2234820
达州市,孝感市,620095
达州市,沧州市,1163139
达州市,龙岩市,1157615
达州市,郴州市,811076
达州市,黄南藏族自治州,696937
达州市,北京城区,1258569
广州市,丽江市,1378480
广州市,咸阳市,1318303
广州市,宝鸡市,1376456
广州市,齐齐哈尔市,2851020
广州市,楚雄彝族自治州,1211690
广州市,邵阳市,489946
广州市,阿坝藏族羌族自治州,1459170
广州市,通辽市,2421202
广州市,咸宁市,751124
广州市,遂宁市,1119329
广州市,伊春市,3060626
广州市,济宁市,1399281
广州市,烟台市,1771595
广州市,德宏傣族景颇族自治州,1502418
广州市,钦州市,490939
广州市,毕节市,925620
广州市,固原市,1580967
广州市,东方市,654945
广州市,达州市,1063294
广州市,福州市,692390
广州市,阜阳市,1110333
广州市,丹东市,2142474
广州市,安庆市,904955
广州市,忻州市,1695662
广州市,辽阳市,2216599
广州市,白银市,1726877
广州市,武汉市,833465
广州市,桂林市,390613
广州市,贵港市,375453
广州市,拉萨市,2315340
广州市,临沧市,1347808
广州市,五指山市,619815
广州市,潜江市,806673
广州市,沈阳市,2265705
广州市,德阳市,1247200
广州市,雅安市,1271129
广州市,西双版纳傣族自治州,1287791
广州市,乐东黎族自治县,644978
广州市,绍兴市,1055732
广州市,巴彦淖尔市,2029408
广州市,柳州市,412956
广州市,牡丹江市,2806037
广州市,蚌埠市,1157684
广州市,湘西土家族苗族自治州,674312
广州市,上饶市,753688
广州市,庆阳市,1496505
广州市,迪庆藏族自治州,1458220
广州市,抚顺市,2305060
广州市,定西市,1617440
广州市,衡阳市,422792
广州市,泸州市,1008468
广州市,长治市,1448459
广州市,玉溪市,1102719
广州市,南平市,630649
广州市,乌鲁木齐市,3283144
广州市,孝感市,865746
广州市,沧州市,1716527
广州市,龙岩市,438197
广州市,郴州市,293667
广州市,黄南藏族自治州,1752179
广州市,北京城区,1883499
福州市,丽江市,1901720
福州市,咸阳市,1368381
福州市,宝鸡市,1478547
福州市,齐齐哈尔市,2396299
福州市,楚雄彝族自治州,1787761
福州市,邵阳市,789851
福州市,阿坝藏族羌族自治州,1781906
福州市,通辽市,1968363
福州市,咸宁市,643130
福州市,遂宁市,1430787
福州市,伊春市,2544487
福州市,济宁市,1067423
福州市,烟台市,1279225
福州市,德宏傣族景颇族自治州,2092214
福州市,钦州市,1173201
福州市,毕节市,1399641
福州市,固原市,1660652
福州市,东方市,1338921
福州市,达州市,1287874
福州市,广州市,692390
福州市,阜阳市,827404
福州市,丹东市,1614418
福州市,安庆市,538316
福州市,忻州市,1500792
福州市,辽阳市,1723883
福州市,白银市,1847792
福州市,武汉市,700036
福州市,桂林市,919892
福州市,贵港市,1035175
福州市,拉萨市,2791124
福州市,临沧市,1952639
福州市,五指山市,1290181
福州市,潜江市,789768
福州市,沈阳市,1772563
福州市,德阳市,1559409
福州市,雅安市,1654902
福州市,西双版纳傣族自治州,1932912
福州市,乐东黎族自治县,1319676
福州市,绍兴市,456196
福州市,巴彦淖尔市,1964014
福州市,柳州市,1012925
福州市,牡丹江市,2250832
福州市,蚌埠市,780626
福州市,湘西土家族苗族自治州,978596
福州市,上饶市,295851
福州市,庆阳市,1541151
福州市,迪庆藏族自治州,1953190
福州市,抚顺市,1804685
福州市,定西市,1755926
福州市,衡阳市,676475
福州市,泸州市,1403003
福州市,长治市,1266742
福州市,玉溪市,1699544
福州市,南平市,128142
福州市,乌鲁木齐市,3466154
福州市,孝感市,749052
福州市,沧州市,1375725
福州市,龙岩市,254334
福州市,郴州市,630130
福州市,黄南藏族自治州,1952865
福州市,北京城区,1557156
阜阳市,丽江市,1645430
阜阳市,咸阳市,678297
阜阳市,宝鸡市,812127
阜阳市,齐齐哈尔市,1745914
阜阳市,楚雄彝族自治州,1639170
阜阳市,邵阳市,753567
阜阳市,阿坝藏族羌族自治州,1282431
阜阳市,通辽市,1319427
阜阳市,咸宁市,366645
阜阳市,遂宁市,1003050
阜阳市,伊春市,1979046
阜阳市,济宁市,288953
阜阳市,烟台市,721400
阜阳市,德宏傣族景颇族自治州,1923688
阜阳市,钦州市,1400014
阜阳市,毕节市,1188672
阜阳市,固原市,944886
阜阳市,东方市,1686967
阜阳市,达州市,809780
阜阳市,广州市,1110333
阜阳市,福州市,827404
阜阳市,丹东市,1098350
阜阳市,安庆市,289114
阜阳市,忻州市,673496
阜阳市,辽阳市,1139136
阜阳市,白银市,1142797
阜阳市,武汉市,292109
阜阳市,桂林市,1010059
阜阳市,贵港市,1243562
阜阳市,拉萨市,2368528
阜阳市,临沧市,1832809
阜阳市,五指山市,1685430
阜阳市,潜江市,390553
阜阳市,沈阳市,1186827
阜阳市,德阳市,1095688
阜阳市,雅安市,1254384
阜阳市,西双版纳傣族自治州,1908722
阜阳市,乐东黎族自治县,1701088
阜阳市,绍兴市,552836
阜阳市,巴彦淖尔市,1149790
阜阳市,柳州市,1135580
阜阳市,牡丹江市,1761411
阜阳市,蚌埠市,147283
阜阳市,湘西土家族苗族自治州,772444
阜阳市,上饶市,532349
阜阳市,庆阳市,814241
阜阳市,迪庆藏族自治州,1645703
阜阳市,抚顺市,1229778
阜阳市,定西市,1076033
阜阳市,衡阳市,734742
阜阳市,泸州市,1086583
阜阳市,长治市,442387
阜阳市,玉溪市,1605407
阜阳市,南平市,729323
阜阳市,乌鲁木齐市,2728822
阜阳市,孝感市,280557
阜阳市,沧州市,607809
阜阳市,龙岩市,874097
阜阳市,郴州市,834605
阜阳市,黄南藏族自治州,1303569
阜阳市,北京城区,780100
丹东市,丽江市,2662019
丹东市,咸阳市,1522620
丹东市,宝鸡市,1640215
丹东市,齐齐哈尔市,817778
丹东市,楚雄彝族自治州,2697024
丹东市,邵阳市,1848780
丹东市,阿坝藏族羌族自治州,2181721
丹东市,通辽市,441883
丹东市,咸宁市,1450676
丹东市,遂宁市,1998083
丹东市,伊春市,930785
丹东市,济宁市,852755
丹东市,烟台市,378296
丹东市,德宏傣族景颇族自治州,2961910
丹东市,钦州市,2489647
丹东市,毕节市,2253457
丹东市,固原市,1647669
丹东市,东方市,2762626
丹东市,达州市,1809786
丹东市,广州市,2142474
丹东市,福州市,1614418
丹东市,阜阳市,1098350
丹东市,安庆市,1238897
丹东市,忻州市,1018177
丹东市,辽阳市,169503
丹东市,白银市,1805877
丹东市,武汉市,1385431
丹东市,桂林市,2104024
丹东市,贵港市,2331603
丹东市,拉萨市,3222579
丹东市,临沧市,2891393
丹东市,五指山市,2749708
丹东市,潜江市,1488139
丹东市,沈阳市,200716
丹东市,德阳市,2052983
丹东市,雅安市,2230410
丹东市,西双版纳傣族自治州,2988986
丹东市,乐东黎族自治县,2769315
丹东市,绍兴市,1158223
丹东市,巴彦淖尔市,1441075
丹东市,柳州市,2230036
丹东市,牡丹江市,666890
丹东市,蚌埠市,1003190
丹东市,湘西土家族苗族自治州,1865342
丹东市,上饶市,1409374
丹东市,庆阳市,1543072
丹东市,迪庆藏族自治州,2636675
丹东市,抚顺市,211450
丹东市,定西市,1803114
丹东市,衡阳市,1816666
丹东市,泸州市,2124545
丹东市,长治市,1071405
丹东市,玉溪市,2679258
丹东市,南平市,1588269
丹东市,乌鲁木齐市,3051851
丹东市,孝感市,1378711
丹东市,沧州市,676147
丹东市,龙岩市,1791279
丹东市,郴州市,1898003
丹东市,黄南藏族自治州,2024403
丹东市,北京城区,678959
安庆市,丽江市,1698015
安庆市,咸阳市,895296
安庆市,宝鸡市,1020694
安庆市,齐齐哈尔市,1956537
安庆市,楚雄彝族自治州,1650131
安庆市,邵阳市,660652
安庆市,阿坝藏族羌族自治州,1425826
安庆市,通辽市,1525053
安庆市,咸宁市,279604
安庆市,遂宁市,1105278
安庆市,伊春市,2155898
安庆市,济宁市,543792
安庆市,烟台市,866650
安庆市,德宏傣族景颇族自治州,1948928
安庆市,钦州市,1268720
安庆市,毕节市,1207226
安庆市,固原市,1180343
安庆市,东方市,1527364
安庆市,达州市,925357
安庆市,广州市,904955
安庆市,福州市,538316
安庆市,阜阳市,289114
安庆市,丹东市,1238897
安庆市,忻州市,962486
安庆市,辽阳市,1312277
安庆市,白银市,1375679
安庆市,武汉市,269627
安庆市,桂林市,900127
安庆市,贵港市,1110292
安庆市,拉萨市,2497227
安庆市,临沧市,1837902
安庆市,五指山市,1511315
安庆市,潜江市,405036
安庆市,沈阳市,1361464
安庆市,德阳市,1217822
安庆市,雅安市,1354472
安庆市,西双版纳傣族自治州,1880538
安庆市,乐东黎族自治县,1531597
安庆市,绍兴市,337996
安庆市,巴彦淖尔市,1433187
安庆市,柳州市,1024337
安庆市,牡丹江市,1904294
安庆市,蚌埠市,265687
安庆市,湘西土家族苗族自治州,756709
安庆市,上饶市,243836
安庆市,庆阳市,1053223
安庆市,迪庆藏族自治州,1718435
安庆市,抚顺市,1400390
安庆市,定西市,1296382
安庆市,衡阳市,599594
安庆市,泸州市,1143956
安庆市,长治市,729921
安庆市,玉溪市,1594894
安庆市,南平市,443486
安庆市,乌鲁木齐市,2982969
安庆市,孝感市,305469
安庆市,沧州市,862587
安庆市,龙岩市,604781
安庆市,郴州市,663653
安庆市,黄南藏族自治州,1513214
安庆市,北京城区,1041796
忻州市,丽江市,1734685
忻州市,咸阳市,579616
忻州市,宝鸡市,667204
忻州市,齐齐哈尔市,1346576
忻州市,楚雄彝族自治州,1820451
忻州市,邵阳市,1245259
忻州市,阿坝藏族羌族自治州,1198489
忻州市,通辽市,987667
忻州市,咸宁市,962388
忻州市,遂宁市,1092448
忻州市,伊春市,1664877
忻州市,济宁市,478294
忻州市,烟台市,772915
忻州市,德宏傣族景颇族自治州,2047458
忻州市,钦州市,1863463
忻州市,毕节市,1416375
忻州市,固原市,634601
忻州市,东方市,2177659
忻州市,达州市,933122
忻州市,广州市,1695662
忻州市,福州市,1500792
忻州市,阜阳市,673496
忻州市,丹东市,1018177
忻州市,安庆市,962486
忻州市,辽阳市,952288
忻州市,白银市,787761
忻州市,武汉市,879746
忻州市,桂林市,1481396
忻州市,贵港市,1722879
忻州市,拉萨市,2208354
忻州市,临沧市,2008049
忻州市,五指山市,2199176
忻州市,潜江市,889181
忻州市,沈阳市,983818
忻州市,德阳市,1110895
忻州市,雅安市,1289624
忻州市,西双版纳傣族自治州,2147075
忻州市,乐东黎族自治县,2206872
忻州市,绍兴市,1177124
忻州市,巴彦淖尔市,526849
忻州市,柳州市,1593318
忻州市,牡丹江市,1563145
忻州市,蚌埠市,741354
忻州市,湘西土家族苗族自治州,1154679
忻州市,上饶市,1205834
忻州市,庆阳市,543256
忻州市,迪庆藏族自治州,1687954
忻州市,抚顺市,1029742
忻州市,定西市,788473
忻州市,衡阳市,1278022
忻州市,泸州市,1255288
忻州市,长治市,248839
忻州市,玉溪市,1834523
忻州市,南平市,1401628
忻州市,乌鲁木齐市,2183656
忻州市,孝感市,839381
忻州市,沧州市,358936
忻州市,龙岩市,1533499
忻州市,郴州市,1402583
忻州市,黄南藏族自治州,1006463
忻州市,北京城区,357819
辽阳市,丽江市,2644262
辽阳市,咸阳市,1490358
辽阳市,宝鸡市,1600097
辽阳市,齐齐哈尔市,678500
辽阳市,楚雄彝族自治州,2694594
辽阳市,邵阳市,1892501
辽阳市,阿坝藏族羌族自治州,2140535
辽阳市,通辽市,277251
辽阳市,咸宁市,1501530
辽阳市,遂宁市,1982395
辽阳市,伊春市,844408
辽阳市,济宁市,871234
辽阳市,烟台市,449486
辽阳市,德宏傣族景颇族自治州,2949557
辽阳市,钦州市,2539032
辽阳市,毕节市,2257719
辽阳市,固原市,1586888
辽阳市,东方市,2821815
辽阳市,达州市,1799217
辽阳市,广州市,2216599
辽阳市,福州市,1723883
辽阳市,阜阳市,1139136
辽阳市,丹东市,169503
辽阳市,安庆市,1312277
辽阳市,忻州市,952288
辽阳市,白银市,1733334
辽阳市,武汉市,1430816
辽阳市,桂林市,2149094
辽阳市,贵港市,2382240
辽阳市,拉萨市,3159659
辽阳市,临沧市,2888083
辽阳市,五指山市,2814581
辽阳市,潜江市,1522593
辽阳市,沈阳市,49307
辽阳市,德阳市,2026922
辽阳市,雅安市,2205962
辽阳市,西双版纳傣族自治州,2997271
辽阳市,乐东黎族自治县,2832376
辽阳市,绍兴市,1269664
辽阳市,巴彦淖尔市,1332795
辽阳市,柳州市,2274451
辽阳市,牡丹江市,636786
辽阳市,蚌埠市,1062046
辽阳市,湘西土家族苗族自治州,1890408
辽阳市,上饶市,1500799
辽阳市,庆阳市,1490972
辽阳市,迪庆藏族自治州,2611367
辽阳市,抚顺市,90799
辽阳市,定西市,1740516
辽阳市,衡阳市,1870392
辽阳市,泸州市,2119680
辽阳市,长治市,1043654
辽阳市,玉溪市,2685047
辽阳市,南平市,1687582
辽阳市,乌鲁木齐市,2916814
辽阳市,孝感市,1418424
辽阳市,沧州市,638976
辽阳市,龙岩市,1885921
辽阳市,郴州市,1960335
辽阳市,黄南藏族自治州,1954654
辽阳市,北京城区,597504
白银市,丽江市,1136331
白银市,咸阳市,482228
白银市,宝鸡市,371115
白银市,齐齐哈尔市,2022798
白银市,楚雄彝族自治州,1299037
白银市,邵阳市,1242235
白银市,阿坝藏族羌族自治州,544655
白银市,通辽市,1728668
白银市,咸宁市,1204804
白银市,遂宁市,680364
白银市,伊春市,2374508
白银市,济宁市,1128862
白银市,烟台市,1541811
白银市,德宏傣族景颇族自治州,1443990
白银市,钦州市,1672441
白银市,毕节市,1032703
白银市,固原市,197928
白银市,东方市,1983569
白银市,达州市,667096
白银市,广州市,1726877
白银市,福州市,1847792
白银市,阜阳市,1142797
白银市,丹东市,1805877
白银市,安庆市,1375679
白银市,忻州市,787761
白银市,辽阳市,1733334
白银市,武汉市,1150790
白银市,桂林市,1379809
白银市,贵港市,1579082
白银市,拉萨市,1429557
白银市,临沧市,1456330
白银市,五指山市,2038487
白银市,潜江市,1060907
白银市,沈阳市,1761383
白银市,德阳市,601485
白银市,雅安市,731902
白银市,西双版纳傣族自治州,1643300
白银市,乐东黎族自治县,2032732
白银市,绍兴市,1690261
白银市,巴彦淖尔市,545025
白银市,柳州市,1446085
白银市,牡丹江市,2323139
白银市,蚌埠市,1277208
白银市,湘西土家族苗族自治州,1053528
白银市,上饶市,1574616
白银市,庆阳市,328837
白银市,迪庆藏族自治州,1053884
白银市,抚顺市,1806237
白银市,定西市,111837
白银市,衡阳市,1334433
白银市,泸州市,859688
白银市,长治市,806296
白银市,玉溪市,1361051
白银市,南平市,1723145
白银市,乌鲁木齐市,1618384
白银市,孝感市,1102429
白银市,沧州市,1140002
白银市,龙岩市,1767404
白银市,郴州市,1462389
白银市,黄南藏族自治州,222661
白银市,北京城区,1135987
武汉市,丽江市,1435177
武汉市,咸阳市,669524
武汉市,宝鸡市,784634
武汉市,齐齐哈尔市,2034940
武汉市,楚雄彝族自治州,1399672
武汉市,邵阳市,463405
武汉市,阿坝藏族羌族自治州,1159247
武汉市,通辽市,1610023
武汉市,咸宁市,83359
武汉市,遂宁市,835684
武汉市,伊春市,2271155
武汉市,济宁市,575652
武汉市,烟台市,1007289
武汉市,德宏傣族景颇族自治州,1694365
武汉市,钦州市,1108220
武汉市,毕节市,951867
武汉市,固原市,961417
武汉市,东方市,1395310
武汉市,达州市,657152
武汉市,广州市,833465
武汉市,福州市,700036
武汉市,阜阳市,292109
武汉市,丹东市,1385431
武汉市,安庆市,269627
武汉市,忻州市,879746
武汉市,辽阳市,1430816
武汉市,白银市,1150790
武汉市,桂林市,719265
武汉市,贵港市,951541
武汉市,拉萨市,2227828
武汉市,临沧市,1590341
武汉市,五指山市,1395423
武汉市,潜江市,136599
武汉市,沈阳市,1478644
武汉市,德阳市,949122
武汉市,雅安市,1084898
武汉市,西双版纳傣族自治州,1648234
武汉市,乐东黎族自治县,1410392
武汉市,绍兴市,606677
武汉市,巴彦淖尔市,1287560
武汉市,柳州市,845098
武汉市,牡丹江市,2050424
武汉市,蚌埠市,389441
武汉市,湘西土家族苗族自治州,510018
武汉市,上饶市,424877
武汉市,庆阳市,841120
武汉市,迪庆藏族自治州,1451810
武汉市,抚顺市,1521384
武汉市,定西市,1062799
武汉市,衡阳市,443617
武汉市,泸州市,878165
武汉市,长治市,631107
武汉市,玉溪市,1353075
武汉市,南平市,578851
武汉市,乌鲁木齐市,2768245
武汉市,孝感市,49070
武汉市,沧州市,886424
武汉市,龙岩市,667226
武汉市,郴州市,549259
武汉市,黄南藏族自治州,1269910
武汉市,北京城区,1050488
桂林市,丽江市,1011772
桂林市,咸阳市,1018164
桂林市,宝鸡市,1050975
桂林市,齐齐哈尔市,2737783
桂林市,楚雄彝族自治州,872524
桂林市,邵阳市,256652
桂林市,阿坝藏族羌族自治州,1072366
桂林市,通辽市,2318778
桂林市,咸宁市,654124
桂林市,遂宁市,740599
桂林市,伊春市,2987041
桂林市,济宁市,1285035
桂林市,烟台市,1725736
桂林市,德宏傣族景颇族自治州,1175076
桂林市,钦州市,392635
桂林市,毕节市,538462
桂林市,固原市,1253117
桂林市,东方市,697812
桂林市,达州市,713563
桂林市,广州市,390613
桂林市,福州市,919892
桂林市,阜阳市,1010059
桂林市,丹东市,2104024
桂林市,安庆市,900127
桂林市,忻州市,1481396
桂林市,辽阳市,2149094
桂林市,白银市,1379809
桂林市,武汉市,719265
桂林市,贵港市,242437
桂林市,拉萨市,1939278
桂林市,临沧市,1032930
桂林市,五指山市,718513
桂林市,潜江市,632190
桂林市,沈阳市,2196634
桂林市,德阳市,864991
桂林市,雅安市,880778
桂林市,西双版纳傣族自治州,1021619
桂林市,乐东黎族自治县,725482
桂林市,绍兴市,1155112
桂林市,巴彦淖尔市,1739442
桂林市,柳州市,126069
桂林市,牡丹江市,2769548
桂林市,蚌埠市,1102755
桂林市,湘西土家族苗族自治州,343792
桂林市,上饶市,849856
桂林市,庆阳市,1186348
桂林市,迪庆藏族自治州,1082364
桂林市,抚顺市,2239776
桂林市,定西市,1268396
桂林市,衡阳市,301763
桂林市,泸州市,619024
桂林市,长治市,1247123
桂林市,玉溪市,779950
桂林市,南平市,816009
桂林市,乌鲁木齐市,2904240
桂林市,孝感市,730956
桂林市,沧州市,1579372
桂林市,龙岩市,689514
桂林市,郴州市,291135
桂林市,黄南藏族自治州,1382869
桂林市,北京城区,1727539
贵港市,丽江市,1032606
贵港市,咸阳市,1246380
贵港市,宝鸡市,1268080
贵港市,齐齐哈尔市,2977718
贵港市,楚雄彝族自治州,848056
贵港市,邵阳市,494479
贵港市,阿坝藏族羌族自治州,1215386
贵港市,通辽市,2557165
贵港市,咸宁市,881674
贵港市,遂宁市,913443
贵港市,伊春市,3222461
贵港市,济宁市,1522343
贵港市,烟台市,1953542
贵港市,德宏傣族景颇族自治州,1131845
贵港市,钦州市,158576
贵港市,毕节市,633980
贵港市,固原市,1466621
贵港市,东方市,455417
贵港市,达州市,921725
贵港市,广州市,375453
贵港市,福州市,1035175
贵港市,阜阳市,1243562
贵港市,丹东市,2331603
贵港市,安庆市,1110292
贵港市,忻州市,1722879
贵港市,辽阳市,2382240
贵港市,白银市,1579082
贵港市,武汉市,951541
贵港市,桂林市,242437
贵港市,拉萨市,1973401
贵港市,临沧市,974962
贵港市,五指山市,480185
贵港市,潜江市,871830
贵港市,沈阳市,2430144
贵港市,德阳市,1026608
贵港市,雅安市,1005028
贵港市,西双版纳傣族自治州,913336
贵港市,乐东黎族自治县,484891
贵港市,绍兴市,1334666
贵港市,巴彦淖尔市,1966127
贵港市,柳州市,135656
贵港市,牡丹江市,2998180
贵港市,蚌埠市,1328451
贵港市,湘西土家族苗族自治州,576294
贵港市,上饶市,1024609
贵港市,庆阳市,1409098
贵港市,迪庆藏族自治州,1122964
贵港市,抚顺市,2472745
贵港市,定西市,1467251
贵港市,衡阳市,515284
贵港市,泸州市,761713
贵港市,长治市,1489446
贵港市,玉溪市,733838
贵港市,南平市,950674
贵港市,乌鲁木齐市,3054878
贵港市,孝感市,966798
贵港市,沧州市,1819953
贵港市,龙岩市,784874
贵港市,郴州市,454634
贵港市,黄南藏族自治州,1558832
贵港市,北京城区,1969474
拉萨市,丽江市,940801
拉萨市,咸阳市,1733853
拉萨市,宝鸡市,1603118
拉萨市,齐齐哈尔市,3426857
拉萨市,楚雄彝族自治州,1144083
拉萨市,邵阳市,2003310
拉萨市,阿坝藏族羌族自治州,1086400
拉萨市,通辽市,3156134
拉萨市,咸宁市,2235651
拉萨市,遂宁市,1392572
拉萨市,伊春市,3788142
拉萨市,济宁市,2463873
拉萨市,烟台市,2927302
拉萨市,德宏傣族景颇族自治州,935154
拉萨市,钦州市,1945000
拉萨市,毕节市,1406503
拉萨市,固原市,1575120
拉萨市,东方市,2119854
拉萨市,达州市,1573502
拉萨市,广州市,2315340
拉萨市,福州市,2791124
拉萨市,阜阳市,2368528
拉萨市,丹东市,3222579
拉萨市,安庆市,2497227
拉萨市,忻州市,2208354
拉萨市,辽阳市,3159659
拉萨市,白银市,1429557
拉萨市,武汉市,2227828
拉萨市,桂林市,1939278
拉萨市,贵港市,1973401
拉萨市,临沧市,1092460
拉萨市,五指山市,2214137
拉萨市,潜江市,2094285
拉萨市,沈阳市,3189163
拉萨市,德阳市,1280766
拉萨市,雅安市,1147418
拉萨市,西双版纳傣族自治州,1282753
拉萨市,乐东黎族自治县,2186700
拉萨市,绍兴市,2834418
拉萨市,巴彦淖尔市,1916473
拉萨市,柳州市,1903264
拉萨市,牡丹江市,3752237
拉萨市,蚌埠市,2515805
拉萨市,湘西土家族苗族自治州,1813577
拉萨市,上饶市,2604824
拉萨市,庆阳市,1681621
拉萨市,迪庆藏族自治州,857484
拉萨市,抚顺市,3234379
拉萨市,定西市,1420128
拉萨市,衡阳市,2118637
拉萨市,泸州市,1388760
拉萨市,长治市,2171102
拉萨市,玉溪市,1270152
拉萨市,南平市,2667521
拉萨市,乌鲁木齐市,1604168
拉萨市,孝感市,2192804
拉萨市,沧州市,2547832
拉萨市,龙岩市,2600998
拉萨市,郴州市,2193188
拉萨市,黄南藏族自治州,1206988
拉萨市,北京城区,2562352
临沧市,丽江市,329430
临沧市,咸阳市,1428470
临沧市,宝鸡市,1352932
临沧市,齐齐哈尔市,3354384
临沧市,楚雄彝族自治州,194530
临沧市,邵阳市,1201718
临沧市,阿坝藏族羌族自治州,912744
临沧市,通辽市,2984172
临沧市,咸宁市,1559229
临沧市,遂宁市,916243
临沧市,伊春市,3667587
临沧市,济宁市,2040644
临沧市,烟台市,2530410
临沧市,德宏傣族景颇族自治州,164502
临沧市,钦州市,903348
临沧市,毕节市,644157
临沧市,固原市,1469301
临沧市,东方市,1033283
临沧市,达州市,1090233
临沧市,广州市,1347808
临沧市,福州市,1952639
临沧市,阜阳市,1832809
临沧市,丹东市,2891393
临沧市,安庆市,1837902
临沧市,忻州市,2008049
临沧市,辽阳市,2888083
临沧市,白银市,1456330
临沧市,武汉市,1590341
临沧市,桂林市,1032930
临沧市,贵港市,974962
临沧市,拉萨市,1092460
临沧市,五指山市,1129335
临沧市,潜江市,1459413
临沧市,沈阳市,2929717
临沧市,德阳市,908293
临沧市,雅安市,739400
临沧市,西双版纳傣族自治州,219962
临沧市,乐东黎族自治县,1100117
临沧市,绍兴市,2141825
临沧市,巴彦淖尔市,1990022
临沧市,柳州市,950653
临沧市,牡丹江市,3524416
临沧市,蚌埠市,1964691
临沧市,湘西土家族苗族自治州,1082280
临沧市,上饶市,1853292
临沧市,庆阳市,1499263
临沧市,迪庆藏族自治州,437641
临沧市,抚顺市,2976219
临沧市,定西市,1370083
临沧市,衡阳市,1298997
临沧市,泸州市,768418
临沧市,长治市,1851347
临沧市,玉溪市,253143
临沧市,南平市,1845946
临沧市,乌鲁木齐市,2488294
临沧市,孝感市,1575593
临沧市,沧州市,2253252
临沧市,龙岩市,1720000
临沧市,郴州市,1322743
临沧市,黄南藏族自治州,1303111
临沧市,北京城区,2345365
五指山市,丽江市,1306704
五指山市,咸阳市,1725331
五指山市,宝鸡市,1741871
五指山市,齐齐哈尔市,3430359
五指山市,楚雄彝族自治州,1078108
五指山市,邵阳市,958366
五指山市,阿坝藏族羌族自治州,1627499
五指山市,通辽市,3004854
五指山市,咸宁市,1318790
五指山市,遂宁市,1361309
五指山市,伊春市,3658650
五指山市,济宁市,1971072
五指山市,烟台市,2374982
五指山市,德宏傣族景颇族自治州,1292985
五指山市,钦州市,366049
五指山市,毕节市,1036806
五指山市,固原市,1937404
五指山市,东方市,97774
五指山市,达州市,1392730
五指山市,广州市,619815
五指山市,福州市,1290181
五指山市,阜阳市,1685430
五指山市,丹东市,2749708
五指山市,安庆市,1511315
五指山市,忻州市,2199176
五指山市,辽阳市,2814581
五指山市,白银市,2038487
五指山市,武汉市,1395423
五指山市,桂林市,718513
五指山市,贵港市,480185
五指山市,拉萨市,2214137
五指山市,临沧市,1129335
五指山市,潜江市,1332464
五指山市,沈阳市,2863280
五指山市,德阳市,1462071
五指山市,雅安市,1406361
五指山市,西双版纳傣族自治州,977859
五指山市,乐东黎族自治县,36362
五指山市,绍兴市,1675203
五指山市,巴彦淖尔市,2443757
五指山市,柳州市,614717
五指山市,牡丹江市,3415575
五指山市,蚌埠市,1752635
五指山市,湘西土家族苗族自治州,1056476
五指山市,上饶市,1373266
五指山市,庆阳市,1885503
五指山市,迪庆藏族自治州,1416860
五指山市,抚顺市,2904185
五指山市,定西市,1927125
五指山市,衡阳市,952026
五指山市,泸州市,1192559
五指山市,长治市,1962492
五指山市,玉溪市,950845
五指山市,南平市,1244419
五指山市,乌鲁木齐市,3449669
五指山市,孝感市,1417528
五指山市,沧州市,2277940
五指山市,龙岩市,1042165
五指山市,郴州市,854274
五指山市,黄南藏族自治州,1997106
五指山市,北京城区,2433769
潜江市,丽江市,1299089
潜江市,咸阳市,587460
潜江市,宝鸡市,690281
潜江市,齐齐哈尔市,2105935
潜江市,楚雄彝族自治州,1267792
潜江市,邵阳市,377414
潜江市,阿坝藏族羌族自治州,1030908
潜江市,通辽市,1686663
潜江市,咸宁市,150551
潜江市,遂宁市,701720
潜江市,伊春市,2356853
潜江市,济宁市,654128
潜江市,烟台市,1111782
潜江市,德宏傣族景颇族自治州,1560671
潜江市,钦州市,1024804
潜江市,毕节市,818663
潜江市,固原市,878648
潜江市,东方市,1323757
潜江市,达州市,527411
潜江市,广州市,806673
潜江市,福州市,789768
潜江市,阜阳市,390553
潜江市,丹东市,1488139
潜江市,安庆市,405036
潜江市,忻州市,889181
潜江市,辽阳市,1522593
潜江市,白银市,1060907
潜江市,武汉市,136599
潜江市,桂林市,632190
潜江市,贵港市,871830
潜江市,拉萨市,2094285
潜江市,临沧市,1459413
潜江市,五指山市,1332464
潜江市,沈阳市,1569489
潜江市,德阳市,817702
潜江市,雅安市,949820
潜江市,西双版纳傣族自治州,1523876
潜江市,乐东黎族自治县,1344442
潜江市,绍兴市,740467
潜江市,巴彦淖尔市,1250722
潜江市,柳州市,755654
潜江市,牡丹江市,2149477
潜江市,蚌埠市,508802
潜江市,湘西土家族苗族自治州,384518
潜江市,上饶市,534815
潜江市,庆阳市,766119
潜江市,迪庆藏族自治州,1315210
潜江市,抚顺市,1613391
潜江市,定西市,966764
潜江市,衡阳市,390197
潜江市,泸州市,741642
潜江市,长治市,642845
潜江市,玉溪市,1225008
潜江市,南平市,663600
潜江市,乌鲁木齐市,2678733
潜江市,孝感市,116340
潜江市,沧州市,948282
潜江市,龙岩市,716286
潜江市,郴州市,513408
潜江市,黄南藏族自治州,1164135
潜江市,北京城区,1101311
沈阳市,丽江市,2683600
沈阳市,咸阳市,1527944
沈阳市,宝鸡市,1635971
沈阳市,齐齐哈尔市,631873
沈阳市,楚雄彝族自治州,2736430
沈阳市,邵阳市,1940010
沈阳市,阿坝藏族羌族自治州,2175645
沈阳市,通辽市,241225
沈阳市,咸宁市,1549693
沈阳市,遂宁市,2022467
沈阳市,伊春市,795518
沈阳市,济宁市,917353
沈阳市,烟台市,498766
沈阳市,德宏傣族景颇族自治州,2989707
沈阳市,钦州市,2586818
沈阳市,毕节市,2300722
沈阳市,固原市,1618148
沈阳市,东方市,2870210
沈阳市,达州市,1840277
沈阳市,广州市,2265705
沈阳市,福州市,1772563
沈阳市,阜阳市,1186827
沈阳市,丹东市,200716
沈阳市,安庆市,1361464
沈阳市,忻州市,983818
沈阳市,辽阳市,49307
沈阳市,白银市,1761383
沈阳市,武汉市,1478644
沈阳市,桂林市,2196634
沈阳市,贵港市,2430144
沈阳市,拉萨市,3189163
沈阳市,临沧市,2929717
沈阳市,五指山市,2863280
沈阳市,潜江市,1569489
沈阳市,德阳市,2065119
沈阳市,雅安市,2244331
沈阳市,西双版纳傣族自治州,3040572
沈阳市,乐东黎族自治县,2880984
沈阳市,绍兴市,1318110
沈阳市,巴彦淖尔市,1350378
沈阳市,柳州市,2321907
沈阳市,牡丹江市,594717
沈阳市,蚌埠市,1110841
沈阳市,湘西土家族苗族自治州,1936178
沈阳市,上饶市,1550069
沈阳市,庆阳市,1524417
沈阳市,迪庆藏族自治州,2649350
沈阳市,抚顺市,46749
沈阳市,定西市,1771119
沈阳市,衡阳市,1918615
沈阳市,泸州市,2161411
沈阳市,长治市,1082938
沈阳市,玉溪市,2728094
沈阳市,南平市,1736700
沈阳市,乌鲁木齐市,2921516
沈阳市,孝感市,1465829
沈阳市,沧州市,678284
沈阳市,龙岩市,1935165
沈阳市,郴州市,2009016
沈阳市,黄南藏族自治州,1983188
沈阳市,北京城区,627143
德阳市,丽江市,623815
德阳市,咸阳市,537940
德阳市,宝鸡市,446774
德阳市,齐齐哈尔市,2453033
德阳市,楚雄彝族自治州,730490
德阳市,邵阳市,811219
德阳市,阿坝藏族羌族自治州,223494
德阳市,通辽市,2096452
德阳市,咸宁市,963170
德阳市,遂宁市,131927
德阳市,伊春市,2775732
德阳市,济宁市,1230051
德阳市,烟台市,1716479
德阳市,德宏傣族景颇族自治州,936857
德阳市,钦州市,1098310
德阳市,毕节市,434721
德阳市,固原市,568631
德阳市,东方市,1399764
德阳市,达州市,292802
德阳市,广州市,1247200
德阳市,福州市,1559409
德阳市,阜阳市,1095688
德阳市,丹东市,2052983
德阳市,安庆市,1217822
德阳市,忻州市,1110895
德阳市,辽阳市,2026922
德阳市,白银市,601485
德阳市,武汉市,949122
德阳市,桂林市,864991
德阳市,贵港市,1026608
德阳市,拉萨市,1280766
德阳市,临沧市,908293
德阳市,五指山市,1462071
德阳市,潜江市,817702
德阳市,沈阳市,2065119
德阳市,雅安市,179505
德阳市,西双版纳傣族自治州,1071816
德阳市,乐东黎族自治县,1452849
德阳市,绍兴市,1555617
德阳市,巴彦淖尔市,1100393
德阳市,柳州市,901917
德阳市,牡丹江市,2657150
德阳市,蚌埠市,1242338
德阳市,湘西土家族苗族自治州,603544
德阳市,上饶市,1341797
德阳市,庆阳市,591010
德阳市,迪庆藏族自治州,584557
德阳市,抚顺市,2111866
德阳市,定西市,497224
德阳市,衡阳市,923913
德阳市,泸州市,269519
德阳市,长治市,984160
德阳市,玉溪市,773544
德阳市,南平市,1431826
德阳市,乌鲁木齐市,2039313
德阳市,孝感市,912737
德阳市,沧州市,1388148
德阳市,龙岩市,1408410
德阳市,郴州市,1031281
德阳市,黄南藏族自治州,535275
德阳市,北京城区,1458712
雅安市,丽江市,445303
雅安市,咸阳市,717433
雅安市,宝鸡市,623936
雅安市,齐齐哈尔市,2630197
雅安市,楚雄彝族自治州,570146
雅安市,邵阳市,878998
雅安市,阿坝藏族羌族自治州,223508
雅安市,通辽市,2275684
雅安市,咸宁市,1088917
雅安市,遂宁市,252139
雅安市,伊春市,2954498
雅安市,济宁市,1402490
雅安市,烟台市,1890830
雅安市,德宏傣族景颇族自治州,759341
雅安市,钦州市,1051825
雅安市,毕节市,373720
雅安市,固原市,729930
雅安市,东方市,1335356
雅安市,达州市,444628
雅安市,广州市,1271129
雅安市,福州市,1654902
雅安市,阜阳市,1254384
雅安市,丹东市,2230410
雅安市,安庆市,1354472
雅安市,忻州市,1289624
雅安市,辽阳市,2205962
雅安市,白银市,731902
雅安市,武汉市,1084898
雅安市,桂林市,880778
雅安市,贵港市,1005028
雅安市,拉萨市,1147418
雅安市,临沧市,739400
雅安市,五指山市,1406361
雅安市,潜江市,949820
雅安市,沈阳市,2244331
雅安市,德阳市,179505
雅安市,西双版纳傣族自治州,914456
雅安市,乐东黎族自治县,1392991
雅安市,绍兴市,1690166
雅安市,巴彦淖尔市,1254056
雅安市,柳州市,892543
雅安市,牡丹江市,2836553
雅安市,蚌埠市,1399748
雅安市,湘西土家族苗族自治州,678018
雅安市,上饶市,1457847
雅安市,庆阳市,764516
雅安市,迪庆藏族自治州,406272
雅安市,抚顺市,2291080
雅安市,定西市,637363
雅安市,衡阳市,994862
雅安市,泸州市,264848
雅安市,长治市,1162815
雅安市,玉溪市,629600
雅安市,南平市,1529133
雅安市,乌鲁木齐市,2052064
雅安市,孝感市,1052564
雅安市,沧州市,1567082
雅安市,龙岩市,1483350
雅安市,郴州市,1087931
雅安市,黄南藏族自治州,618466
雅安市,北京城区,1638126
西双版纳傣族自治州,丽江市,539851
西双版纳傣族自治州,咸阳市,1569605
西双版纳傣族自治州,宝鸡市,1507158
西双版纳傣族自治州,齐齐哈尔市,3492155
西双版纳傣族自治州,楚雄彝族自治州,344469
西双版纳傣族自治州,邵阳市,1225183
西双版纳傣族自治州,阿坝藏族羌族自治州,1104979
西双版纳傣族自治州,通辽市,3109908
西双版纳傣族自治州,咸宁市,1607004
西双版纳傣族自治州,遂宁市,1058572
西双版纳傣族自治州,伊春市,3794453
西双版纳傣族自治州,济宁市,2136305
西双版纳傣族自治州,烟台市,2620574
西双版纳傣族自治州,德宏傣族景颇族自治州,351187
西双版纳傣族自治州,钦州市,811295
西双版纳傣族自治州,毕节市,740391
西双版纳傣族自治州,固原市,1639806
西双版纳傣族自治州,东方市,880125
西双版纳傣族自治州,达州市,1216023
西双版纳傣族自治州,广州市,1287791
西双版纳傣族自治州,福州市,1932912
西双版纳傣族自治州,阜阳市,1908722
西双版纳傣族自治州,丹东市,2988986
西双版纳傣族自治州,安庆市,1880538
西双版纳傣族自治州,忻州市,2147075
西双版纳傣族自治州,辽阳市,2997271
西双版纳傣族自治州,白银市,1643300
西双版纳傣族自治州,武汉市,1648234
西双版纳傣族自治州,桂林市,1021619
西双版纳傣族自治州,贵港市,913336
西双版纳傣族自治州,拉萨市,1282753
西双版纳傣族自治州,临沧市,219962
西双版纳傣族自治州,五指山市,977859
西双版纳傣族自治州,潜江市,1523876
西双版纳傣族自治州,沈阳市,3040572
西双版纳傣族自治州,德阳市,1071816
西双版纳傣族自治州,雅安市,914456
西双版纳傣族自治州,乐东黎族自治县,945676
西双版纳傣族自治州,绍兴市,2166301
西双版纳傣族自治州,巴彦淖尔市,2168053
西双版纳傣族自治州,柳州市,920125
西双版纳傣族自治州,牡丹江市,3633878
西双版纳傣族自治州,蚌埠市,2032670
西双版纳傣族自治州,湘西土家族苗族自治州,1139539
西双版纳傣族自治州,上饶市,1866916
西双版纳傣族自治州,庆阳市,1657627
西双版纳傣族自治州,迪庆藏族自治州,652966
西双版纳傣族自治州,抚顺市,3086658
西双版纳傣族自治州,定西市,1551593
西双版纳傣族自治州,衡阳市,1309908
西双版纳傣族自治州,泸州市,892105
西双版纳傣族自治州,长治市,1973587
西双版纳傣族自治州,玉溪市,313736
西双版纳傣族自治州,南平市,1835302
西双版纳傣族自治州,乌鲁木齐市,2707543
西双版纳傣族自治州,孝感市,1639797
西双版纳傣族自治州,沧州市,2369610
西双版纳傣族自治州,龙岩市,1689509
西双版纳傣族自治州,郴州市,1311446
西双版纳傣族自治州,黄南藏族自治州,1502102
西双版纳傣族自治州,北京城区,2473814
乐东黎族自治县,丽江市,1283229
乐东黎族自治县,咸阳市,1726840
乐东黎族自治县,宝鸡市,1740522
乐东黎族自治县,齐齐哈尔市,3445022
乐东黎族自治县,楚雄彝族自治州,1053073
乐东黎族自治县,邵阳市,968992
乐东黎族自治县,阿坝藏族羌族自治州,1614811
乐东黎族自治县,通辽市,3020322
乐东黎族自治县,咸宁市,1334580
乐东黎族自治县,遂宁市,1354282
乐东黎族自治县,伊春市,3676155
乐东黎族自治县,济宁市,1985883
乐东黎族自治县,烟台市,2393977
乐东黎族自治县,德宏傣族景颇族自治州,1263439
乐东黎族自治县,钦州市,361633
乐东黎族自治县,毕节市,1025179
乐东黎族自治县,固原市,1934812
乐东黎族自治县,东方市,66887
乐东黎族自治县,达州市,1390764
乐东黎族自治县,广州市,644978
乐东黎族自治县,福州市,1319676
乐东黎族自治县,阜阳市,1701088
乐东黎族自治县,丹东市,2769315
乐东黎族自治县,安庆市,1531597
乐东黎族自治县,忻州市,2206872
乐东黎族自治县,辽阳市,2832376
乐东黎族自治县,白银市,2032732
乐东黎族自治县,武汉市,1410392
乐东黎族自治县,桂林市,725482
乐东黎族自治县,贵港市,484891
乐东黎族自治县,拉萨市,2186700
乐东黎族自治县,临沧市,1100117
乐东黎族自治县,五指山市,36362
乐东黎族自治县,潜江市,1344442
乐东黎族自治县,沈阳市,2880984
乐东黎族自治县,德阳市,1452849
乐东黎族自治县,雅安市,1392991
乐东黎族自治县,西双版纳傣族自治州,945676
乐东黎族自治县,绍兴市,1700710
乐东黎族自治县,巴彦淖尔市,2443992
乐东黎族自治县,柳州市,617971
乐东黎族自治县,牡丹江市,3435527
乐东黎族自治县,蚌埠市,1770754
乐东黎族自治县,湘西土家族苗族自治州,1060558
乐东黎族自治县,上饶市,1397580
乐东黎族自治县,庆阳市,1885244
乐东黎族自治县,迪庆藏族自治州,1394295
乐东黎族自治县,抚顺市,2922142
乐东黎族自治县,定西市,1921578
乐东黎族自治县,衡阳市,966776
乐东黎族自治县,泸州市,1183488
乐东黎族自治县,长治市,1971553
乐东黎族自治县,玉溪市,925938
乐东黎族自治县,南平市,1271794
乐东黎族自治县,乌鲁木齐市,3433140
乐东黎族自治县,孝感市,1431448
乐东黎族自治县,沧州市,2291174
乐东黎族自治县,龙岩市,1070645
乐东黎族自治县,郴州市,872263
乐东黎族自治县,黄南藏族自治州,1987432
乐东黎族自治县,北京城区,2445610
绍兴市,丽江市,2021660
绍兴市,咸阳市,1215797
绍兴市,宝鸡市,1345347
绍兴市,齐齐哈尔市,1944492
绍兴市,楚雄彝族自治州,1958517
绍兴市,邵阳市,942847
绍兴市,阿坝藏族羌族自治州,1763747
绍兴市,通辽市,1518963
绍兴市,咸宁市,604462
绍兴市,遂宁市,1442011
绍兴市,伊春市,2088367
绍兴市,济宁市,704620
绍兴市,烟台市,828501
绍兴市,德宏傣族景颇族自治州,2260987
绍兴市,钦州市,1488627
绍兴市,毕节市,1524007
绍兴市,固原市,1492853
绍兴市,东方市,1708575
绍兴市,达州市,1263271
绍兴市,广州市,1055732
绍兴市,福州市,456196
绍兴市,阜阳市,552836
绍兴市,丹东市,1158223
绍兴市,安庆市,337996
绍兴市,忻州市,1177124
绍兴市,辽阳市,1269664
绍兴市,白银市,1690261
绍兴市,武汉市,606677
绍兴市,桂林市,1155112
绍兴市,贵港市,1334666
绍兴市,拉萨市,2834418
绍兴市,临沧市,2141825
绍兴市,五指山市,1675203
绍兴市,潜江市,740467
绍兴市,沈阳市,1318110
绍兴市,德阳市,1555617
绍兴市,雅安市,1690166
绍兴市,西双版纳傣族自治州,2166301
绍兴市,乐东黎族自治县,1700710
绍兴市,巴彦淖尔市,1684285
绍兴市,柳州市,1272057
绍兴市,牡丹江市,1797727
绍兴市,蚌埠市,440887
绍兴市,湘西土家族苗族自治州,1071249
绍兴市,上饶市,310139
绍兴市,庆阳市,1363095
绍兴市,迪庆藏族自治州,2047603
绍兴市,抚顺市,1349451
绍兴市,定西市,1617349
绍兴市,衡阳市,857623
绍兴市,泸州市,1473108
绍兴市,长治市,975485
绍兴市,玉溪市,1893747
绍兴市,南平市,443269
绍兴市,乌鲁木齐市,3281602
绍兴市,孝感市,643465
绍兴市,沧州市,980267
绍兴市,龙岩市,652061
绍兴市,郴州市,881448
绍兴市,黄南藏族自治州,1839286
绍兴市,北京城区,1159437
巴彦淖尔市,丽江市,1675545
巴彦淖尔市,咸阳市,721295
巴彦淖尔市,宝鸡市,708232
巴彦淖尔市,齐齐哈尔市,1510392
巴彦淖尔市,楚雄彝族自治州,1824059
巴彦淖尔市,邵阳市,1544143
巴彦淖尔市,阿坝藏族羌族自治州,1084819
巴彦淖尔市,通辽市,1266894
巴彦淖尔市,咸宁市,1362980
巴彦淖尔市,遂宁市,1144392
巴彦淖尔市,伊春市,1873206
巴彦淖尔市,济宁市,999707
巴彦淖尔市,烟台市,1267859
巴彦淖尔市,德宏傣族景颇族自治州,1985938
巴彦淖尔市,钦州市,2083898
巴彦淖尔市,毕节市,1505332
巴彦淖尔市,固原市,534192
巴彦淖尔市,东方市,2402862
巴彦淖尔市,达州市,1057921
巴彦淖尔市,广州市,2029408
巴彦淖尔市,福州市,1964014
巴彦淖尔市,阜阳市,1149790
巴彦淖尔市,丹东市,1441075
巴彦淖尔市,安庆市,1433187
巴彦淖尔市,忻州市,526849
巴彦淖尔市,辽阳市,1332795
巴彦淖尔市,白银市,545025
巴彦淖尔市,武汉市,1287560
巴彦淖尔市,桂林市,1739442
巴彦淖尔市,贵港市,1966127
巴彦淖尔市,拉萨市,1916473
巴彦淖尔市,临沧市,1990022
巴彦淖尔市,五指山市,2443757
巴彦淖尔市,潜江市,1250722
巴彦淖尔市,沈阳市,1350378
巴彦淖尔市,德阳市,1100393
巴彦淖尔市,雅安市,1254056
巴彦淖尔市,西双版纳傣族自治州,2168053
巴彦淖尔市,乐东黎族自治县,2443992
巴彦淖尔市,绍兴市,1684285
巴彦淖尔市,柳州市,1830541
巴彦淖尔市,牡丹江市,1866345
巴彦淖尔市,蚌埠市,1243503
巴彦淖尔市,湘西土家族苗族自治州,1395677
巴彦淖尔市,上饶市,1669224
巴彦淖尔市,庆阳市,559252
巴彦淖尔市,迪庆藏族自治州,1597150
巴彦淖尔市,抚顺市,1391044
巴彦淖尔市,定西市,620417
巴彦淖尔市,衡阳市,1608639
巴彦淖尔市,泸州市,1328865
巴彦淖尔市,长治市,710169
巴彦淖尔市,玉溪市,1873880
巴彦淖尔市,南平市,1853251
巴彦淖尔市,乌鲁木齐市,1661991
巴彦淖尔市,孝感市,1240373
巴彦淖尔市,沧州市,856038
巴彦淖尔市,龙岩市,1954231
巴彦淖尔市,郴州市,1740410
巴彦淖尔市,黄南藏族自治州,746700
巴彦淖尔市,北京城区,771870
柳州市,丽江市,965557
柳州市,咸阳市,1111012
柳州市,宝鸡市,1132580
柳州市,齐齐哈尔市,2860034
柳州市,楚雄彝族自治州,803423
柳州市,邵阳市,382013
柳州市,阿坝藏族羌族自治州,1097237
柳州市,通辽市,2442222
柳州市,咸宁市,780189
柳州市,遂宁市,785234
柳州市,伊春市,3111718
柳州市,济宁市,1409302
柳州市,烟台市,1851753
柳州市,德宏傣族景颇族自治州,1099887
柳州市,钦州市,271681
柳州市,毕节市,528573
柳州市,固原市,1331463
柳州市,东方市,584750
柳州市,达州市,786787
柳州市,广州市,412956
柳州市,福州市,1012925
柳州市,阜阳市,1135580
柳州市,丹东市,2230036
柳州市,安庆市,1024337
柳州市,忻州市,1593318
柳州市,辽阳市,2274451
柳州市,白银市,1446085
柳州市,武汉市,845098
柳州市,桂林市,126069
柳州市,贵港市,135656
柳州市,拉萨市,1903264
柳州市,临沧市,950653
柳州市,五指山市,614717
柳州市,潜江市,755654
柳州市,沈阳市,2321907
柳州市,德阳市,901917
柳州市,雅安市,892543
柳州市,西双版纳傣族自治州,920125
柳州市,乐东黎族自治县,617971
柳州市,绍兴市,1272057
柳州市,巴彦淖尔市,1830541
柳州市,牡丹江市,2895472
柳州市,蚌埠市,1228818
柳州市,湘西土家族苗族自治州,442668
柳州市,上饶市,964534
柳州市,庆阳市,1273442
柳州市,迪庆藏族自治州,1046800
柳州市,抚顺市,2365158
柳州市,定西市,1334251
柳州市,衡阳市,424896
柳州市,泸州市,641202
柳州市,长治市,1362476
柳州市,玉溪市,700322
柳州市,南平市,916115
柳州市,乌鲁木齐市,2936458
柳州市,孝感市,856085
柳州市,沧州市,1701239
柳州市,龙岩市,772284
柳州市,郴州市,395663
柳州市,黄南藏族自治州,1431289
柳州市,北京城区,1847134
牡丹江市,丽江市,3277040
牡丹江市,咸阳市,2119363
牡丹江市,宝鸡市,2223893
牡丹江市,齐齐哈尔市,541398
牡丹江市,楚雄彝族自治州,3331079
牡丹江市,邵阳市,2513803
牡丹江市,阿坝藏族羌族自治州,2760868
牡丹江市,通辽市,599832
牡丹江市,咸宁市,2116881
牡丹江市,遂宁市,2616710
牡丹江市,伊春市,358272
牡丹江市,济宁市,1503477
牡丹江市,烟台市,1044643
牡丹江市,德宏傣族景颇族自治州,3583916
牡丹江市,钦州市,3156110
牡丹江市,毕节市,2894469
牡丹江市,固原市,2192863
牡丹江市,东方市,3429346
牡丹江市,达州市,2434974
牡丹江市,广州市,2806037
牡丹江市,福州市,2250832
牡丹江市,阜阳市,1761411
牡丹江市,丹东市,666890
牡丹江市,安庆市,1904294
牡丹江市,忻州市,1563145
牡丹江市,辽阳市,636786
牡丹江市,白银市,2323139
牡丹江市,武汉市,2050424
牡丹江市,桂林市,2769548
牡丹江市,贵港市,2998180
牡丹江市,拉萨市,3752237
牡丹江市,临沧市,3524416
牡丹江市,五指山市,3415575
牡丹江市,潜江市,2149477
牡丹江市,沈阳市,594717
牡丹江市,德阳市,2657150
牡丹江市,雅安市,2836553
牡丹江市,西双版纳傣族自治州,3633878
牡丹江市,乐东黎族自治县,3435527
牡丹江市,绍兴市,1797727
牡丹江市,巴彦淖尔市,1866345
牡丹江市,柳州市,2895472
牡丹江市,蚌埠市,1669923
牡丹江市,湘西土家族苗族自治州,2522316
牡丹江市,上饶市,2065664
牡丹江市,庆阳市,2106363
牡丹江市,迪庆藏族自治州,3240765
牡丹江市,抚顺市,548197
牡丹江市,定西市,2342850
牡丹江市,衡阳市,2483401
牡丹江市,泸州市,2756082
牡丹江市,长治市,1676835
牡丹江市,玉溪市,3321777
牡丹江市,南平市,2236717
牡丹江市,乌鲁木齐市,3322691
牡丹江市,孝感市,2041957
牡丹江市,沧州市,1272502
牡丹江市,龙岩市,2442898
牡丹江市,郴州市,2564643
牡丹江市,黄南藏族自治州,2545797
牡丹江市,北京城区,1205798
蚌埠市,丽江市,1785810
蚌埠市,咸阳市,820198
蚌埠市,宝鸡市,954854
蚌埠市,齐齐哈尔市,1695416
蚌埠市,楚雄彝族自治州,1771860
蚌埠市,邵阳市,849341
蚌埠市,阿坝藏族羌族自治州,1429712
蚌埠市,通辽市,1264571
蚌埠市,咸宁市,448630
蚌埠市,遂宁市,1148049
蚌埠市,伊春市,1906350
蚌埠市,济宁市,286805
蚌埠市,烟台市,625357
蚌埠市,德宏傣族景颇族自治州,2059885
蚌埠市,钦州市,1486579
蚌埠市,毕节市,1321353
蚌埠市,固原市,1079444
蚌埠市,东方市,1761583
蚌埠市,达州市,955347
蚌埠市,广州市,1157684
蚌埠市,福州市,780626
蚌埠市,阜阳市,147283
蚌埠市,丹东市,1003190
蚌埠市,安庆市,265687
蚌埠市,忻州市,741354
蚌埠市,辽阳市,1062046
蚌埠市,白银市,1277208
蚌埠市,武汉市,389441
蚌埠市,桂林市,1102755
蚌埠市,贵港市,1328451
蚌埠市,拉萨市,2515805
蚌埠市,临沧市,1964691
蚌埠市,五指山市,1752635
蚌埠市,潜江市,508802
蚌埠市,沈阳市,1110841
蚌埠市,德阳市,1242338
蚌埠市,雅安市,1399748
蚌埠市,西双版纳傣族自治州,2032670
蚌埠市,乐东黎族自治县,1770754
蚌埠市,绍兴市,440887
蚌埠市,巴彦淖尔市,1243503
蚌埠市,柳州市,1228818
蚌埠市,牡丹江市,1669923
蚌埠市,湘西土家族苗族自治州,893202
蚌埠市,上饶市,497497
蚌埠市,庆阳市,948420
蚌埠市,迪庆藏族自治州,1788860
蚌埠市,抚顺市,1151553
蚌埠市,定西市,1214734
蚌埠市,衡阳市,813484
蚌埠市,泸州市,1226084
蚌埠市,长治市,534698
蚌埠市,玉溪市,1733064
蚌埠市,南平市,699729
蚌埠市,乌鲁木齐市,2848949
蚌埠市,孝感市,392965
蚌埠市,沧州市,599859
蚌埠市,龙岩市,869876
蚌埠市,郴州市,898514
蚌埠市,黄南藏族自治州,1444132
蚌埠市,北京城区,780352
湘西土家族苗族自治州,丽江市,952609
湘西土家族苗族自治州,咸阳市,674386
湘西土家族苗族自治州,宝鸡市,711826
湘西土家族苗族自治州,齐齐哈尔市,2445782
湘西土家族苗族自治州,楚雄彝族自治州,893518
湘西土家族苗族自治州,邵阳市,207776
湘西土家族苗族自治州,阿坝藏族羌族自治州,825931
湘西土家族苗族自治州,通辽市,2036634
湘西土家族苗族自治州,咸宁市,477360
湘西土家族苗族自治州,遂宁市,471617
湘西土家族苗族自治州,伊春市,2714982
湘西土家族苗族自治州,济宁市,1019339
湘西土家族苗族自治州,烟台市,1491209
湘西土家族苗族自治州,德宏傣族景颇族自治州,1192563
湘西土家族苗族自治州,钦州市,709896
湘西土家族苗族自治州,毕节市,452780
湘西土家族苗族自治州,固原市,915533
湘西土家族苗族自治州,东方市,1026772
湘西土家族苗族自治州,达州市,389054
湘西土家族苗族自治州,广州市,674312
湘西土家族苗族自治州,福州市,978596
湘西土家族苗族自治州,阜阳市,772444
湘西土家族苗族自治州,丹东市,1865342
湘西土家族苗族自治州,安庆市,756709
湘西土家族苗族自治州,忻州市,1154679
湘西土家族苗族自治州,辽阳市,1890408
湘西土家族苗族自治州,白银市,1053528
湘西土家族苗族自治州,武汉市,510018
湘西土家族苗族自治州,桂林市,343792
湘西土家族苗族自治州,贵港市,576294
湘西土家族苗族自治州,拉萨市,1813577
湘西土家族苗族自治州,临沧市,1082280
湘西土家族苗族自治州,五指山市,1056476
湘西土家族苗族自治州,潜江市,384518
湘西土家族苗族自治州,沈阳市,1936178
湘西土家族苗族自治州,德阳市,603544
湘西土家族苗族自治州,雅安市,678018
湘西土家族苗族自治州,西双版纳傣族自治州,1139539
湘西土家族苗族自治州,乐东黎族自治县,1060558
湘西土家族苗族自治州,绍兴市,1071249
湘西土家族苗族自治州,巴彦淖尔市,1395677
湘西土家族苗族自治州,柳州市,442668
湘西土家族苗族自治州,牡丹江市,2522316
湘西土家族苗族自治州,蚌埠市,893202
湘西土家族苗族自治州,上饶市,804138
湘西土家族苗族自治州,庆阳市,843721
湘西土家族苗族自治州,迪庆藏族自治州,987822
湘西土家族苗族自治州,抚顺市,1981038
湘西土家族苗族自治州,定西市,943576
湘西土家族苗族自治州,衡阳市,320818
湘西土家族苗族自治州,泸州市,424821
湘西土家族苗族自治州,长治市,930152
湘西土家族苗族自治州,玉溪市,843113
湘西土家族苗族自治州,南平市,854108
湘西土家族苗族自治州,乌鲁木齐市,2618079
湘西土家族苗族自治州,孝感市,500272
湘西土家族苗族自治州,沧州市,1289476
湘西土家族苗族自治州,龙岩市,808044
湘西土家族苗族自治州,郴州市,430020
湘西土家族苗族自治州,黄南藏族自治州,1081958
湘西土家族苗族自治州,北京城区,1424377
上饶市,丽江市,1755426
上饶市,咸阳市,1092619
上饶市,宝鸡市,1209465
上饶市,齐齐哈尔市,2160930
上饶市,楚雄彝族自治州,1674499
上饶市,邵阳市,651848
上饶市,阿坝藏族羌族自治州,1559742
上饶市,通辽市,1729668
上饶市,咸宁市,384335
上饶市,遂宁市,1218935
上饶市,伊春市,2337665
上饶市,济宁市,782334
上饶市,烟台市,1051319
上饶市,德宏傣族景颇族自治州,1979066
上饶市,钦州市,1178497
上饶市,毕节市,1252092
上饶市,固原市,1383515
上饶市,东方市,1402879
上饶市,达州市,1056968
上饶市,广州市,753688
上饶市,福州市,295851
上饶市,阜阳市,532349
上饶市,丹东市,1409374
上饶市,安庆市,243836
上饶市,忻州市,1205834
上饶市,辽阳市,1500799
上饶市,白银市,1574616
上饶市,武汉市,424877
上饶市,桂林市,849856
上饶市,贵港市,1024609
上饶市,拉萨市,2604824
上饶市,临沧市,1853292
上饶市,五指山市,1373266
上饶市,潜江市,534815
上饶市,沈阳市,1550069
上饶市,德阳市,1341797
上饶市,雅安市,1457847
上饶市,西双版纳傣族自治州,1866916
上饶市,乐东黎族自治县,1397580
上饶市,绍兴市,310139
上饶市,巴彦淖尔市,1669224
上饶市,柳州市,964534
上饶市,牡丹江市,2065664
上饶市,蚌埠市,497497
上饶市,湘西土家族苗族自治州,804138
上饶市,庆阳市,1260613
上饶市,迪庆藏族自治州,1791606
上饶市,抚顺市,1586001
上饶市,定西市,1487619
上饶市,衡阳市,557390
上饶市,泸州市,1222333
上饶市,长治市,970903
上饶市,玉溪市,1602635
上饶市,南平市,202240
上饶市,乌鲁木齐市,3190737
上饶市,孝感市,472590
上饶市,沧州市,1097240
上饶市,龙岩市,385632
上饶市,郴州市,571990
上饶市,黄南藏族自治州,1693900
上饶市,北京城区,1277849
庆阳市,丽江市,1208331
庆阳市,咸阳市,181288
庆阳市,宝鸡市,153827
庆阳市,齐齐哈尔市,1868348
庆阳市,楚雄彝族自治州,1319438
庆阳市,邵阳市,1006740
庆阳市,阿坝藏族羌族自治州,655781
庆阳市,通辽市,1528250
庆阳市,咸宁市,902282
庆阳市,遂宁市,605076
庆阳市,伊春市,2199745
庆阳市,济宁市,811208
庆阳市,烟台市,1249447
庆阳市,德宏傣族景颇族自治州,1523126
庆阳市,钦州市,1524836
庆阳市,毕节市,960413
庆阳市,固原市,131034
庆阳市,东方市,1843693
庆阳市,达州市,499359
庆阳市,广州市,1496505
庆阳市,福州市,1541151
庆阳市,阜阳市,814241
庆阳市,丹东市,1543072
庆阳市,安庆市,1053223
庆阳市,忻州市,543256
庆阳市,辽阳市,1490972
庆阳市,白银市,328837
庆阳市,武汉市,841120
庆阳市,桂林市,1186348
庆阳市,贵港市,1409098
庆阳市,拉萨市,1681621
庆阳市,临沧市,1499263
庆阳市,五指山市,1885503
庆阳市,潜江市,766119
庆阳市,沈阳市,1524417
庆阳市,德阳市,591010
庆阳市,雅安市,764516
庆阳市,西双版纳傣族自治州,1657627
庆阳市,乐东黎族自治县,1885244
庆阳市,绍兴市,1363095
庆阳市,巴彦淖尔市,559252
庆阳市,柳州市,1273442
庆阳市,牡丹江市,2106363
庆阳市,蚌埠市,948420
庆阳市,湘西土家族苗族自治州,843721
庆阳市,上饶市,1260613
庆阳市,迪庆藏族自治州,1152904
庆阳市,抚顺市,1570667
庆阳市,定西市,276524
庆阳市,衡阳市,1083780
庆阳市,泸州市,785960
庆阳市,长治市,496621
庆阳市,玉溪市,1352126
庆阳市,南平市,1419120
庆阳市,乌鲁木齐市,1931087
庆阳市,孝感市,792124
庆阳市,沧州市,867143
庆阳市,龙岩市,1481921
庆阳市,郴州市,1215408
庆阳市,黄南藏族自治州,510292
庆阳市,北京城区,900698
迪庆藏族自治州,丽江市,118766
迪庆藏族自治州,咸阳市,1121512
迪庆藏族自治州,宝鸡市,1020782
迪庆藏族自治州,齐齐哈尔市,3020948
迪庆藏族自治州,楚雄彝族自治州,357148
迪庆藏族自治州,邵阳市,1163559
迪庆藏族自治州,阿坝藏族羌族自治州,513750
迪庆藏族自治州,通辽市,2675486
迪庆藏族自治州,咸宁市,1443351
迪庆藏族自治州,遂宁市,646990
迪庆藏族自治州,伊春市,3351402
迪庆藏族自治州,济宁市,1806353
迪庆藏族自治州,烟台市,2295771
迪庆藏族自治州,德宏傣族景颇族自治州,391369
迪庆藏族自治州,钦州市,1111215
迪庆藏族自治州,毕节市,555139
迪庆藏族自治州,固原市,1098742
迪庆藏族自治州,东方市,1329179
迪庆藏族自治州,达州市,841119
迪庆藏族自治州,广州市,1458220
迪庆藏族自治州,福州市,1953190
迪庆藏族自治州,阜阳市,1645703
迪庆藏族自治州,丹东市,2636675
迪庆藏族自治州,安庆市,1718435
迪庆藏族自治州,忻州市,1687954
迪庆藏族自治州,辽阳市,2611367
迪庆藏族自治州,白银市,1053884
迪庆藏族自治州,武汉市,1451810
迪庆藏族自治州,桂林市,1082364
迪庆藏族自治州,贵港市,1122964
迪庆藏族自治州,拉萨市,857484
迪庆藏族自治州,临沧市,437641
迪庆藏族自治州,五指山市,1416860
迪庆藏族自治州,潜江市,1315210
迪庆藏族自治州,沈阳市,2649350
迪庆藏族自治州,德阳市,584557
迪庆藏族自治州,雅安市,406272
迪庆藏族自治州,西双版纳傣族自治州,652966
迪庆藏族自治州,乐东黎族自治县,1394295
迪庆藏族自治州,绍兴市,2047603
迪庆藏族自治州,巴彦淖尔市,1597150
迪庆藏族自治州,柳州市,1046800
迪庆藏族自治州,牡丹江市,3240765
迪庆藏族自治州,蚌埠市,1788860
迪庆藏族自治州,湘西土家族苗族自治州,987822
迪庆藏族自治州,上饶市,1791606
迪庆藏族自治州,庆阳市,1152904
迪庆藏族自治州,抚顺市,2696090
迪庆藏族自治州,定西市,979702
迪庆藏族自治州,衡阳市,1276838
迪庆藏族自治州,泸州市,574663
迪庆藏族自治州,长治市,1568704
迪庆藏族自治州,玉溪市,477215
迪庆藏族自治州,南平市,1832911
迪庆藏族自治州,乌鲁木齐市,2079833
迪庆藏族自治州,孝感市,1424819
迪庆藏族自治州,沧州市,1972673
迪庆藏族自治州,龙岩市,1751871
迪庆藏族自治州,郴州市,1342304
迪庆藏族自治州,黄南藏族自治州,881497
迪庆藏族自治州,北京城区,2039665
抚顺市,丽江市,2730338
抚顺市,咸阳市,1574676
抚顺市,宝鸡市,1682573
抚顺市,齐齐哈尔市,608244
抚顺市,楚雄彝族自治州,2782892
抚顺市,邵阳市,1983195
抚顺市,阿坝藏族羌族自治州,2222140
抚顺市,通辽市,241700
抚顺市,咸宁市,1591866
抚顺市,遂宁市,2069160
抚顺市,伊春市,755569
抚顺市,济宁市,961938
抚顺市,烟台市,535456
抚顺市,德宏傣族景颇族自治州,3036398
抚顺市,钦州市,2629604
抚顺市,毕节市,2346894
抚顺市,固原市,1663923
抚顺市,东方市,2911880
抚顺市,达州市,1886860
抚顺市,广州市,2305060
抚顺市,福州市,1804685
抚顺市,阜阳市,1229778
抚顺市,丹东市,211450
抚顺市,安庆市,1400390
抚顺市,忻州市,1029742
抚顺市,辽阳市,90799
抚顺市,白银市,1806237
抚顺市,武汉市,1521384
抚顺市,桂林市,2239776
抚顺市,贵港市,2472745
抚顺市,拉萨市,3234379
抚顺市,临沧市,2976219
抚顺市,五指山市,2904185
抚顺市,潜江市,1613391
抚顺市,沈阳市,46749
抚顺市,德阳市,2111866
抚顺市,雅安市,2291080
抚顺市,西双版纳傣族自治州,3086658
抚顺市,乐东黎族自治县,2922142
抚顺市,绍兴市,1349451
抚顺市,巴彦淖尔市,1391044
抚顺市,柳州市,2365158
抚顺市,牡丹江市,548197
抚顺市,蚌埠市,1151553
抚顺市,湘西土家族苗族自治州,1981038
抚顺市,上饶市,1586001
抚顺市,庆阳市,1570667
抚顺市,迪庆藏族自治州,2696090
抚顺市,定西市,1816716
抚顺市,衡阳市,1960662
抚顺市,泸州市,2207888
抚顺市,长治市,1129668
抚顺市,玉溪市,2774257
抚顺市,南平市,1771137
抚顺市,乌鲁木齐市,2954185
抚顺市,孝感市,1509154
抚顺市,沧州市,725000
抚顺市,龙岩市,1970682
抚顺市,郴州市,2049999
抚顺市,黄南藏族自治州,2028173
抚顺市,北京城区,672754
定西市,丽江市,1055359
定西市,咸阳市,401736
定西市,宝鸡市,278167
定西市,齐齐哈尔市,2065457
定西市,楚雄彝族自治州,1207144
定西市,邵阳市,1134222
定西市,阿坝藏族羌族自治州,466038
定西市,通辽市,1753710
定西市,咸宁市,1112972
定西市,遂宁市,570435
定西市,伊春市,2410780
定西市,济宁市,1087691
定西市,烟台市,1521334
定西市,德宏傣族景颇族自治州,1366698
定西市,钦州市,1561094
定西市,毕节市,925229
定西市,固原市,155902
定西市,东方市,1872739
定西市,达州市,556225
定西市,广州市,1617440
定西市,福州市,1755926
定西市,阜阳市,1076033
定西市,丹东市,1803114
定西市,安庆市,1296382
定西市,忻州市,788473
定西市,辽阳市,1740516
定西市,白银市,111837
定西市,武汉市,1062799
定西市,桂林市,1268396
定西市,贵港市,1467251
定西市,拉萨市,1420128
定西市,临沧市,1370083
定西市,五指山市,1927125
定西市,潜江市,966764
定西市,沈阳市,1771119
定西市,德阳市,497224
定西市,雅安市,637363
定西市,西双版纳傣族自治州,1551593
定西市,乐东黎族自治县,1921578
定西市,绍兴市,1617349
定西市,巴彦淖尔市,620417
定西市,柳州市,1334251
定西市,牡丹江市,2342850
定西市,蚌埠市,1214734
定西市,湘西土家族苗族自治州,943576
定西市,上饶市,1487619
定西市,庆阳市,276524
定西市,迪庆藏族自治州,979702
定西市,抚顺市,1816716
定西市,衡阳市,1228230
定西市,泸州市,751147
定西市,长治市,772041
定西市,玉溪市,1263884
定西市,南平市,1630272
定西市,乌鲁木齐市,1712843
定西市,孝感市,1015075
定西市,沧州市,1130069
定西市,龙岩市,1667623
定西市,郴州市,1355323
定西市,黄南藏族自治州,233818
定西市,北京城区,1143983
衡阳市,丽江市,1226110
衡阳市,咸阳市,903598
衡阳市,宝鸡市,972900
衡阳市,齐齐哈尔市,2478400
衡阳市,楚雄彝族自治州,1124371
衡阳市,邵阳市,116046
衡阳市,阿坝藏族羌族自治州,1146616
衡阳市,通辽市,2053609
衡阳市,咸宁市,369021
衡阳市,遂宁市,792017
衡阳市,伊春市,2712607
衡阳市,济宁市,1019154
衡阳市,烟台市,1438786
衡阳市,德宏傣族景颇族自治州,1429700
衡阳市,钦州市,673697
衡阳市,毕节市,723231
衡阳市,固原市,1176137
衡阳市,东方市,952335
衡阳市,达州市,689685
衡阳市,广州市,422792
衡阳市,福州市,676475
衡阳市,阜阳市,734742
衡阳市,丹东市,1816666
衡阳市,安庆市,599594
衡阳市,忻州市,1278022
衡阳市,辽阳市,1870392
衡阳市,白银市,1334433
衡阳市,武汉市,443617
衡阳市,桂林市,301763
衡阳市,贵港市,515284
衡阳市,拉萨市,2118637
衡阳市,临沧市,1298997
衡阳市,五指山市,952026
衡阳市,潜江市,390197
衡阳市,沈阳市,1918615
衡阳市,德阳市,923913
衡阳市,雅安市,994862
衡阳市,西双版纳傣族自治州,1309908
衡阳市,乐东黎族自治县,966776
衡阳市,绍兴市,857623
衡阳市,巴彦淖尔市,1608639
衡阳市,柳州市,424896
衡阳市,牡丹江市,2483401
衡阳市,蚌埠市,813484
衡阳市,湘西土家族苗族自治州,320818
衡阳市,上饶市,557390
衡阳市,庆阳市,1083780
衡阳市,迪庆藏族自治州,1276838
衡阳市,抚顺市,1960662
衡阳市,定西市,1228230
衡阳市,泸州市,735334
衡阳市,长治市,1032698
衡阳市,玉溪市,1047193
衡阳市,南平市,558182
衡阳市,乌鲁木齐市,2924260
衡阳市,孝感市,466030
衡阳市,沧州市,1326901
衡阳市,龙岩市,488521
衡阳市,郴州市,132028
衡阳市,黄南藏族自治州,1386382
衡阳市,北京城区,1486104
泸州市,丽江市,559999
泸州市,咸阳市,679860
泸州市,宝鸡市,632232
泸州市,齐齐哈尔市,2600056
泸州市,楚雄彝族自治州,575054
泸州市,邵阳市,619294
泸州市,阿坝藏族羌族自治州,456329
泸州市,通辽市,2220545
泸州市,咸宁市,868748
泸州市,遂宁市,184705
泸州市,伊春市,2904868
泸州市,济宁市,1276108
泸州市,烟台市,1767239
泸州市,德宏傣族景颇族自治州,841077
泸州市,钦州市,828908
泸州市,毕节市,176593
泸州市,固原市,795797
泸州市,东方市,1130840
泸州市,达州市,324472
泸州市,广州市,1008468
泸州市,福州市,1403003
泸州市,阜阳市,1086583
泸州市,丹东市,2124545
泸州市,安庆市,1143956
泸州市,忻州市,1255288
泸州市,辽阳市,2119680
泸州市,白银市,859688
泸州市,武汉市,878165
泸州市,桂林市,619024
泸州市,贵港市,761713
泸州市,拉萨市,1388760
泸州市,临沧市,768418
泸州市,五指山市,1192559
泸州市,潜江市,741642
泸州市,沈阳市,2161411
泸州市,德阳市,269519
泸州市,雅安市,264848
泸州市,西双版纳傣族自治州,892105
泸州市,乐东黎族自治县,1183488
泸州市,绍兴市,1473108
泸州市,巴彦淖尔市,1328865
泸州市,柳州市,641202
泸州市,牡丹江市,2756082
泸州市,蚌埠市,1226084
泸州市,湘西土家族苗族自治州,424821
泸州市,上饶市,1222333
泸州市,庆阳市,785960
泸州市,迪庆藏族自治州,574663
泸州市,抚顺市,2207888
泸州市,定西市,751147
泸州市,衡阳市,735334
泸州市,长治市,1085144
泸州市,玉溪市,579236
泸州市,南平市,1278876
泸州市,乌鲁木齐市,2295260
泸州市,孝感市,852854
泸州市,沧州市,1485524
泸州市,龙岩市,1222999
泸州市,郴州市,824254
泸州市,黄南藏族自治州,804723
泸州市,北京城区,1583042
长治市,丽江市,1600701
长治市,咸阳市,451231
长治市,宝鸡市,572024
长治市,齐齐哈尔市,1527402
长治市,楚雄彝族自治州,1659354
长治市,邵阳市,1005284
长治市,阿坝藏族羌族自治州,1111923
长治市,通辽市,1136322
长治市,咸宁市,713631
长治市,遂宁市,939987
长治市,伊春市,1820867
长治市,济宁市,325424
长治市,烟台市,756199
长治市,德宏傣族景颇族自治州,1907108
长治市,钦州市,1633859
长治市,毕节市,1234325
长治市,固原市,619130
长治市,东方市,1944860
长治市,达州市,761335
长治市,广州市,1448459
长治市,福州市,1266742
长治市,阜阳市,442387
长治市,丹东市,1071405
长治市,安庆市,729921
长治市,忻州市,248839
长治市,辽阳市,1043654
长治市,白银市,806296
长治市,武汉市,631107
长治市,桂林市,1247123
长治市,贵港市,1489446
长治市,拉萨市,2171102
长治市,临沧市,1851347
长治市,五指山市,1962492
长治市,潜江市,642845
长治市,沈阳市,1082938
长治市,德阳市,984160
长治市,雅安市,1162815
长治市,西双版纳傣族自治州,1973587
长治市,乐东黎族自治县,1971553
长治市,绍兴市,975485
长治市,巴彦淖尔市,710169
长治市,柳州市,1362476
长治市,牡丹江市,1676835
长治市,蚌埠市,534698
长治市,湘西土家族苗族自治州,930152
长治市,上饶市,970903
长治市,庆阳市,496621
长治市,迪庆藏族自治州,1568704
长治市,抚顺市,1129668
长治市,定西市,772041
长治市,衡阳市,1032698
长治市,泸州市,1085144
长治市,玉溪市,1659862
长治市,南平市,1162975
长治市,乌鲁木齐市,2324511
长治市,孝感市,590541
长治市,沧州市,404730
长治市,龙岩市,1287963
长治市,郴州市,1155853
长治市,黄南藏族自治州,1004966
长治市,北京城区,502811
玉溪市,丽江市,361272
玉溪市,咸阳市,1258146
玉溪市,宝鸡市,1200282
玉溪市,齐齐哈尔市,3178967
玉溪市,楚雄彝族自治州,127300
玉溪市,邵阳市,951854
玉溪市,阿坝藏族羌族自治州,837466
玉溪市,通辽市,2796181
玉溪市,咸宁市,1317609
玉溪市,遂宁市,749340
玉溪市,伊春市,3480725
玉溪市,济宁市,1826532
玉溪市,烟台市,2312788
玉溪市,德宏傣族景颇族自治州,400017
玉溪市,钦州市,679862
玉溪市,毕节市,427377
玉溪市,固原市,1341787
玉溪市,东方市,859798
玉溪市,达州市,902653
玉溪市,广州市,1102719
玉溪市,福州市,1699544
玉溪市,阜阳市,1605407
玉溪市,丹东市,2679258
玉溪市,安庆市,1594894
玉溪市,忻州市,1834523
玉溪市,辽阳市,2685047
玉溪市,白银市,1361051
玉溪市,武汉市,1353075
玉溪市,桂林市,779950
玉溪市,贵港市,733838
玉溪市,拉萨市,1270152
玉溪市,临沧市,253143
玉溪市,五指山市,950845
玉溪市,潜江市,1225008
玉溪市,沈阳市,2728094
玉溪市,德阳市,773544
玉溪市,雅安市,629600
玉溪市,西双版纳傣族自治州,313736
玉溪市,乐东黎族自治县,925938
玉溪市,绍兴市,1893747
玉溪市,巴彦淖尔市,1873880
玉溪市,柳州市,700322
玉溪市,牡丹江市,3321777
玉溪市,蚌埠市,1733064
玉溪市,湘西土家族苗族自治州,843113
玉溪市,上饶市,1602635
玉溪市,庆阳市,1352126
玉溪市,迪庆藏族自治州,477215
玉溪市,抚顺市,2774257
玉溪市,定西市,1263884
玉溪市,衡阳市,1047193
玉溪市,泸州市,579236
玉溪市,长治市,1659862
玉溪市,南平市,1592860
玉溪市,乌鲁木齐市,2552486
玉溪市,孝感市,1341332
玉溪市,沧州市,2056271
玉溪市,龙岩市,1467690
玉溪市,郴州市,1069609
玉溪市,黄南藏族自治州,1239455
玉溪市,北京城区,2160123
南平市,丽江市,1784233
南平市,咸阳市,1244946
南平市,宝鸡市,1353288
南平市,齐齐哈尔市,2353147
南平市,楚雄彝族自治州,1677265
南平市,邵阳市,669548
南平市,阿坝藏族羌族自治州,1654171
南平市,通辽市,1922676
南平市,咸宁市,518456
南平市,遂宁市,1303487
南平市,伊春市,2518784
南平市,济宁市,984427
南平市,烟台市,1238973
南平市,德宏傣族景颇族自治州,1982352
南平市,钦州市,1095415
南平市,毕节市,1280828
南平市,固原市,1537283
南平市,东方市,1285144
南平市,达州市,1159741
南平市,广州市,630649
南平市,福州市,128142
南平市,阜阳市,729323
南平市,丹东市,1588269
南平市,安庆市,443486
南平市,忻州市,1401628
南平市,辽阳市,1687582
南平市,白银市,1723145
南平市,武汉市,578851
南平市,桂林市,816009
南平市,贵港市,950674
南平市,拉萨市,2667521
南平市,临沧市,1845946
南平市,五指山市,1244419
南平市,潜江市,663600
南平市,沈阳市,1736700
南平市,德阳市,1431826
南平市,雅安市,1529133
南平市,西双版纳傣族自治州,1835302
南平市,乐东黎族自治县,1271794
南平市,绍兴市,443269
南平市,巴彦淖尔市,1853251
南平市,柳州市,916115
南平市,牡丹江市,2236717
南平市,蚌埠市,699729
南平市,湘西土家族苗族自治州,854108
南平市,上饶市,202240
南平市,庆阳市,1419120
南平市,迪庆藏族自治州,1832911
南平市,抚顺市,1771137
南平市,定西市,1630272
南平市,衡阳市,558182
南平市,泸州市,1278876
南平市,长治市,1162975
南平市,玉溪市,1592860
南平市,乌鲁木齐市,3341488
南平市,孝感市,627916
南平市,沧州市,1299418
南平市,龙岩市,208931
南平市,郴州市,524884
南平市,黄南藏族自治州,1825726
南平市,北京城区,1480077
乌鲁木齐市,丽江市,2198523
乌鲁木齐市,咸阳市,2098726
乌鲁木齐市,宝鸡市,1988455
乌鲁木齐市,齐齐哈尔市,2833538
乌鲁木齐市,楚雄彝族自治州,2436594
乌鲁木齐市,邵阳市,2821266
乌鲁木齐市,阿坝藏族羌族自治州,1839673
乌鲁木齐市,通辽市,2768826
乌鲁木齐市,咸宁市,2823187
乌鲁木齐市,遂宁市,2164620
乌鲁木齐市,伊春市,3196847
乌鲁木齐市,济宁市,2640373
乌鲁木齐市,烟台市,2925427
乌鲁木齐市,德宏傣族景颇族自治州,2372065
乌鲁木齐市,钦州市,3102262
乌鲁木齐市,毕节市,2425750
乌鲁木齐市,固原市,1807238
乌鲁木齐市,东方市,3372084
乌鲁木齐市,达州市,2234820
乌鲁木齐市,广州市,3283144
乌鲁木齐市,福州市,3466154
乌鲁木齐市,阜阳市,2728822
乌鲁木齐市,丹东市,3051851
乌鲁木齐市,安庆市,2982969
乌鲁木齐市,忻州市,2183656
乌鲁木齐市,辽阳市,2916814
乌鲁木齐市,白银市,1618384
乌鲁木齐市,武汉市,2768245
乌鲁木齐市,桂林市,2904240
乌鲁木齐市,贵港市,3054878
乌鲁木齐市,拉萨市,1604168
乌鲁木齐市,临沧市,2488294
乌鲁木齐市,五指山市,3449669
乌鲁木齐市,潜江市,2678733
乌鲁木齐市,沈阳市,2921516
乌鲁木齐市,德阳市,2039313
乌鲁木齐市,雅安市,2052064
乌鲁木齐市,西双版纳傣族自治州,2707543
乌鲁木齐市,乐东黎族自治县,3433140
乌鲁木齐市,绍兴市,3281602
乌鲁木齐市,巴彦淖尔市,1661991
乌鲁木齐市,柳州市,2936458
乌鲁木齐市,牡丹江市,3322691
乌鲁木齐市,蚌埠市,2848949
乌鲁木齐市,湘西土家族苗族自治州,2618079
乌鲁木齐市,上饶市,3190737
乌鲁木齐市,庆阳市,1931087
乌鲁木齐市,迪庆藏族自治州,2079833
乌鲁木齐市,抚顺市,2954185
乌鲁木齐市,定西市,1712843
乌鲁木齐市,衡阳市,2924260
乌鲁木齐市,泸州市,2295260
乌鲁木齐市,长治市,2324511
乌鲁木齐市,玉溪市,2552486
乌鲁木齐市,南平市,3341488
乌鲁木齐市,孝感市,2719632
乌鲁木齐市,沧州市,2517216
乌鲁木齐市,龙岩市,3378668
乌鲁木齐市,郴州市,3045431
乌鲁木齐市,黄南藏族自治州,1537906
乌鲁木齐市,北京城区,2416981
孝感市,丽江市,1411679
孝感市,咸阳市,620913
孝感市,宝鸡市,736946
孝感市,齐齐哈尔市,2013837
孝感市,楚雄彝族自治州,1383797
孝感市,邵阳市,474305
孝感市,阿坝藏族羌族自治州,1120425
孝感市,通辽市,1590973
孝感市,咸宁市,124394
孝感市,遂宁市,802046
孝感市,伊春市,2256263
孝感市,济宁市,555784
孝感市,烟台市,1001345
孝感市,德宏傣族景颇族自治州,1675932
孝感市,钦州市,1122201
孝感市,毕节市,934326
孝感市,固原市,912668
孝感市,东方市,1414291
孝感市,达州市,620095
孝感市,广州市,865746
孝感市,福州市,749052
孝感市,阜阳市,280557
孝感市,丹东市,1378711
孝感市,安庆市,305469
孝感市,忻州市,839381
孝感市,辽阳市,1418424
孝感市,白银市,1102429
孝感市,武汉市,49070
孝感市,桂林市,730956
孝感市,贵港市,966798
孝感市,拉萨市,2192804
孝感市,临沧市,1575593
孝感市,五指山市,1417528
孝感市,潜江市,116340
孝感市,沈阳市,1465829
孝感市,德阳市,912737
孝感市,雅安市,1052564
孝感市,西双版纳傣族自治州,1639797
孝感市,乐东黎族自治县,1431448
孝感市,绍兴市,643465
孝感市,巴彦淖尔市,1240373
孝感市,柳州市,856085
孝感市,牡丹江市,2041957
孝感市,蚌埠市,392965
孝感市,湘西土家族苗族自治州,500272
孝感市,上饶市,472590
孝感市,庆阳市,792124
孝感市,迪庆藏族自治州,1424819
孝感市,抚顺市,1509154
孝感市,定西市,1015075
孝感市,衡阳市,466030
孝感市,泸州市,852854
孝感市,长治市,590541
孝感市,玉溪市,1341332
孝感市,南平市,627916
孝感市,乌鲁木齐市,2719632
孝感市,沧州市,860871
孝感市,龙岩市,713930
孝感市,郴州市,577864
孝感市,黄南藏族自治州,1223481
孝感市,北京城区,1021448
沧州市,丽江市,2005429
沧州市,咸阳市,852424
沧州市,宝鸡市,965891
沧州市,齐齐哈尔市,1158919
沧州市,楚雄彝族自治州,2060496
沧州市,邵阳市,1325675
沧州市,阿坝藏族羌族自治州,1507502
沧州市,通辽市,747752
沧州市,咸宁市,966949
沧州市,遂宁市,1344242
沧州市,伊春市,1429592
沧州市,济宁市,321445
沧州市,烟台市,415985
沧州市,德宏傣族景颇族自治州,2311475
沧州市,钦州市,1971843
沧州市,毕节市,1629229
沧州市,固原市,974236
沧州市,东方市,2271847
沧州市,达州市,1163139
沧州市,广州市,1716527
沧州市,福州市,1375725
沧州市,阜阳市,607809
沧州市,丹东市,676147
沧州市,安庆市,862587
沧州市,忻州市,358936
沧州市,辽阳市,638976
沧州市,白银市,1140002
沧州市,武汉市,886424
沧州市,桂林市,1579372
沧州市,贵港市,1819953
沧州市,拉萨市,2547832
沧州市,临沧市,2253252
沧州市,五指山市,2277940
沧州市,潜江市,948282
沧州市,沈阳市,678284
沧州市,德阳市,1388148
沧州市,雅安市,1567082
沧州市,西双版纳傣族自治州,2369610
沧州市,乐东黎族自治县,2291174
沧州市,绍兴市,980267
沧州市,巴彦淖尔市,856038
沧州市,柳州市,1701239
沧州市,牡丹江市,1272502
沧州市,蚌埠市,599859
沧州市,湘西土家族苗族自治州,1289476
沧州市,上饶市,1097240
沧州市,庆阳市,867143
沧州市,迪庆藏族自治州,1972673
沧州市,抚顺市,725000
沧州市,定西市,1130069
沧州市,衡阳市,1326901
沧州市,泸州市,1485524
沧州市,长治市,404730
沧州市,玉溪市,2056271
沧州市,南平市,1299418
沧州市,乌鲁木齐市,2517216
沧州市,孝感市,860871
沧州市,龙岩市,1467016
沧州市,郴州市,1435644
沧州市,黄南藏族自治州,1355022
沧州市,北京城区,181476
龙岩市,丽江市,1691682
龙岩市,咸阳市,1302223
龙岩市,宝鸡市,1396770
龙岩市,齐齐哈尔市,2546408
龙岩市,楚雄彝族自治州,1562026
龙岩市,邵阳市,604356
龙岩市,阿坝藏族羌族自治州,1631761
龙岩市,通辽市,2115040
龙岩市,咸宁市,591455
龙岩市,遂宁市,1276896
龙岩市,伊春市,2720954
龙岩市,济宁市,1147000
龙岩市,烟台市,1436513
龙岩市,德宏傣族景颇族自治州,1864354
龙岩市,钦州市,920008
龙岩市,毕节市,1196908
龙岩市,固原市,1591420
龙岩市,东方市,1087460
龙岩市,达州市,1157615
龙岩市,广州市,438197
龙岩市,福州市,254334
龙岩市,阜阳市,874097
龙岩市,丹东市,1791279
龙岩市,安庆市,604781
龙岩市,忻州市,1533499
龙岩市,辽阳市,1885921
龙岩市,白银市,1767404
龙岩市,武汉市,667226
龙岩市,桂林市,689514
龙岩市,贵港市,784874
龙岩市,拉萨市,2600998
龙岩市,临沧市,1720000
龙岩市,五指山市,1042165
龙岩市,潜江市,716286
龙岩市,沈阳市,1935165
龙岩市,德阳市,1408410
龙岩市,雅安市,1483350
龙岩市,西双版纳傣族自治州,1689509
龙岩市,乐东黎族自治县,1070645
龙岩市,绍兴市,652061
龙岩市,巴彦淖尔市,1954231
龙岩市,柳州市,772284
龙岩市,牡丹江市,2442898
龙岩市,蚌埠市,869876
龙岩市,湘西土家族苗族自治州,808044
龙岩市,上饶市,385632
龙岩市,庆阳市,1481921
龙岩市,迪庆藏族自治州,1751871
龙岩市,抚顺市,1970682
龙岩市,定西市,1667623
龙岩市,衡阳市,488521
龙岩市,泸州市,1222999
龙岩市,长治市,1287963
龙岩市,玉溪市,1467690
龙岩市,南平市,208931
龙岩市,乌鲁木齐市,3378668
龙岩市,孝感市,713930
龙岩市,沧州市,1467016
龙岩市,郴州市,409924
龙岩市,黄南藏族自治州,1846236
龙岩市,北京城区,1645504
郴州市,丽江市,1281907
郴州市,咸阳市,1035404
郴州市,宝鸡市,1102902
郴州市,齐齐哈尔市,2580429
郴州市,楚雄彝族自治州,1158171
郴州市,邵阳市,224184
郴州市,阿坝藏族羌族自治州,1252033
郴州市,通辽市,2153038
郴州市,咸宁市,469142
郴州市,遂宁市,899614
郴州市,伊春市,2804376
郴州市,济宁市,1122512
郴州市,烟台市,1521989
郴州市,德宏傣族景颇族自治州,1462285
郴州市,钦州市,611064
郴州市,毕节市,787652
郴州市,固原市,1306546
郴州市,东方市,864752
郴州市,达州市,811076
郴州市,广州市,293667
郴州市,福州市,630130
郴州市,阜阳市,834605
郴州市,丹东市,1898003
郴州市,安庆市,663653
郴州市,忻州市,1402583
郴州市,辽阳市,1960335
郴州市,白银市,1462389
郴州市,武汉市,549259
郴州市,桂林市,291135
郴州市,贵港市,454634
郴州市,拉萨市,2193188
郴州市,临沧市,1322743
郴州市,五指山市,854274
郴州市,潜江市,513408
郴州市,沈阳市,2009016
郴州市,德阳市,1031281
郴州市,雅安市,1087931
郴州市,西双版纳傣族自治州,1311446
郴州市,乐东黎族自治县,872263
郴州市,绍兴市,881448
郴州市,巴彦淖尔市,1740410
郴州市,柳州市,395663
郴州市,牡丹江市,2564643
郴州市,蚌埠市,898514
郴州市,湘西土家族苗族自治州,430020
郴州市,上饶市,571990
郴州市,庆阳市,1215408
郴州市,迪庆藏族自治州,1342304
郴州市,抚顺市,2049999
郴州市,定西市,1355323
郴州市,衡阳市,132028
郴州市,泸州市,824254
郴州市,长治市,1155853
郴州市,玉溪市,1069609
郴州市,南平市,524884
郴州市,乌鲁木齐市,3045431
郴州市,孝感市,577864
郴州市,沧州市,1435644
郴州市,龙岩市,409924
郴州市,黄南藏族自治州,1507816
郴州市,北京城区,1598971
黄南藏族自治州,丽江市,975597
黄南藏族自治州,咸阳市,625571
黄南藏族自治州,宝鸡市,493966
黄南藏族自治州,齐齐哈尔市,2240712
黄南藏族自治州,楚雄彝族自治州,1162079
黄南藏族自治州,邵阳市,1283727
黄南藏族自治州,阿坝藏族羌族自治州,402004
黄南藏族自治州,通辽市,1951121
黄南藏族自治州,咸宁市,1313384
黄南藏族自治州,遂宁市,646064
黄南藏族自治州,伊春市,2594562
黄南藏族自治州,济宁市,1321493
黄南藏族自治州,烟台市,1751322
黄南藏族自治州,德宏傣族景颇族自治州,1272485
黄南藏族自治州,钦州市,1633584
黄南藏族自治州,毕节市,964657
黄南藏族自治州,固原市,386182
黄南藏族自治州,东方市,1933529
黄南藏族自治州,达州市,696937
黄南藏族自治州,广州市,1752179
黄南藏族自治州,福州市,1952865
黄南藏族自治州,阜阳市,1303569
黄南藏族自治州,丹东市,2024403
黄南藏族自治州,安庆市,1513214
黄南藏族自治州,忻州市,1006463
黄南藏族自治州,辽阳市,1954654
黄南藏族自治州,白银市,222661
黄南藏族自治州,武汉市,1269910
黄南藏族自治州,桂林市,1382869
黄南藏族自治州,贵港市,1558832
黄南藏族自治州,拉萨市,1206988
黄南藏族自治州,临沧市,1303111
黄南藏族自治州,五指山市,1997106
黄南藏族自治州,潜江市,1164135
黄南藏族自治州,沈阳市,1983188
黄南藏族自治州,德阳市,535275
黄南藏族自治州,雅安市,618466
黄南藏族自治州,西双版纳傣族自治州,1502102
黄南藏族自治州,乐东黎族自治县,1987432
黄南藏族自治州,绍兴市,1839286
黄南藏族自治州,巴彦淖尔市,746700
黄南藏族自治州,柳州市,1431289
黄南藏族自治州,牡丹江市,2545797
黄南藏族自治州,蚌埠市,1444132
黄南藏族自治州,湘西土家族苗族自治州,1081958
黄南藏族自治州,上饶市,1693900
黄南藏族自治州,庆阳市,510292
黄南藏族自治州,迪庆藏族自治州,881497
黄南藏族自治州,抚顺市,2028173
黄南藏族自治州,定西市,233818
黄南藏族自治州,衡阳市,1386382
黄南藏族自治州,泸州市,804723
黄南藏族自治州,长治市,1004966
黄南藏族自治州,玉溪市,1239455
黄南藏族自治州,南平市,1825726
黄南藏族自治州,乌鲁木齐市,1537906
黄南藏族自治州,孝感市,1223481
黄南藏族自治州,沧州市,1355022
黄南藏族自治州,龙岩市,1846236
黄南藏族自治州,郴州市,1507816
黄南藏族自治州,北京城区,1357162
北京城区,丽江市,2081858
北京城区,咸阳市,921716
北京城区,宝鸡市,1019847
北京城区,齐齐哈尔市,1024890
北京城区,楚雄彝族自治州,2154999
北京城区,邵阳市,1477069
北京城区,阿坝藏族羌族自治州,1555128
北京城区,通辽市,639057
北京城区,咸宁市,1132418
北京城区,遂宁市,1429711
北京城区,伊春市,1322312
北京城区,济宁市,498512
北京城区,烟台市,515322
北京城区,德宏傣族景颇族自治州,2392665
北京城区,钦州市,2118678
北京城区,毕节市,1735787
北京城区,固原市,991243
北京城区,东方市,2423592
北京城区,达州市,1258569
北京城区,广州市,1883499
北京城区,福州市,1557156
北京城区,阜阳市,780100
北京城区,丹东市,678959
北京城区,安庆市,1041796
北京城区,忻州市,357819
北京城区,辽阳市,597504
北京城区,白银市,1135987
北京城区,武汉市,1050488
北京城区,桂林市,1727539
北京城区,贵港市,1969474
北京城区,拉萨市,2562352
北京城区,临沧市,2345365
北京城区,五指山市,2433769
北京城区,潜江市,1101311
北京城区,沈阳市,627143
北京城区,德阳市,1458712
北京城区,雅安市,1638126
北京城区,西双版纳傣族自治州,2473814
北京城区,乐东黎族自治县,2445610
北京城区,绍兴市,1159437
北京城区,巴彦淖尔市,771870
北京城区,柳州市,1847134
北京城区,牡丹江市,1205798
北京城区,蚌埠市,780352
北京城区,湘西土家族苗族自治州,1424377
北京城区,上饶市,1277849
北京城区,庆阳市,900698
北京城区,迪庆藏族自治州,2039665
北京城区,抚顺市,672754
北京城区,定西市,1143983
北京城区,衡阳市,1486104
北京城区,泸州市,1583042
北京城区,长治市,502811
北京城区,玉溪市,2160123
北京城区,南平市,1480077
北京城区,乌鲁木齐市,2416981
北京城区,孝感市,1021448
北京城区,沧州市,181476
北京城区,龙岩市,1645504
北京城区,郴州市,1598971
北京城区,黄南藏族自治州,1357162
